E*(0.484479166666667*nu - 1.4534375)/(nu**2 - 1),-0.265625*E/(nu - 1),E*(0.0403125*nu + 1.5346875)/(nu**2 - 1),E*(-0.4640625*nu + 0.2484375)/(nu**2 - 1),-E*(0.0215625*nu + 0.4284375)/(nu**2 - 1),E*(0.2953125*nu - 0.00468750000000005)/(nu**2 - 1),E*(0.234270833333333*nu - 0.3903125)/(nu**2 - 1),E*(-0.065625*nu + 0.021875)/(nu**2 - 1),E*(-0.39375*nu + 0.474375)/(nu**2 - 1),0.1078125*E/(nu - 1),E*(0.1125*nu - 0.155625)/(nu**2 - 1),-E*(0.1453125*nu + 0.1453125)/(nu**2 - 1),E*(0.0469791666666667*nu - 0.1409375)/(nu**2 - 1),0.059375*E/(nu - 1),E*(0.0215625*nu - 0.2465625)/(nu**2 - 1),-E*(0.1453125*nu + 0.1453125)/(nu**2 - 1),E*(-0.0403125*nu + 0.8278125)/(nu**2 - 1),E*(0.1078125*nu + 0.1078125)/(nu**2 - 1),E*(0.0780208333333333*nu - 0.5465625)/(nu**2 - 1),E*(0.065625*nu - 0.021875)/(nu**2 - 1),E*(0.225*nu - 0.181875)/(nu**2 - 1),E*(-0.1546875*nu + 0.1453125)/(nu**2 - 1),E*(-0.7875*nu + 0.706875)/(nu**2 - 1),E*(0.6046875*nu - 0.1078125)/(nu**2 - 1),(-0.0308641975308642*2**(3/4)*nu**2*sqrt(sqrt(2) + 2) - 0.0154320987654321*2**(1/4)*nu**2*sqrt(-sqrt(2) + 2) + 0.0168196704470833*sqrt(2)*nu**2 + 0.0154320987654321*2**(1/4)*nu**2*sqrt(sqrt(2) + 2) - 0.0617283950617284*2**(3/4)*nu*sqrt(sqrt(2) + 2) - 0.0308641975308642*2**(1/4)*nu*sqrt(sqrt(2) + 2) + 0.0308641975308642*2**(1/4)*nu*sqrt(-sqrt(2) + 2) + 0.0336393408941666*sqrt(2)*nu + 0.0617283950617284*2**(3/4)*nu*sqrt(-sqrt(2) + 2) - 0.0462962962962963*2**(1/4)*sqrt(sqrt(2) + 2) - 0.0308641975308642*2**(3/4)*sqrt(sqrt(2) + 2) + 0.0168196704470834*sqrt(2) + 0.0462962962962963*2**(1/4)*sqrt(-sqrt(2) + 2) + 0.0617283950617284*2**(3/4)*sqrt(-sqrt(2) + 2))/(sqrt(pi)*(nu**2 - 1)),(-0.0771604938271605*2**(3/4)*nu**2*sqrt(-sqrt(2) + 2) - 0.0154320987654321*2**(3/4)*nu**2*sqrt(sqrt(2) + 2) + 0.263472640673911*sqrt(2)*nu**2 - 0.0617283950617284*2**(1/4)*nu*sqrt(sqrt(2) + 2) + 2.2980811008649e-17*sqrt(2)*nu + 0.0308641975308642*2**(3/4)*nu*sqrt(-sqrt(2) + 2) + 0.0308641975308642*2**(3/4)*nu*sqrt(sqrt(2) + 2) - 0.263472640673911*sqrt(2) - 0.0617283950617284*2**(1/4)*sqrt(sqrt(2) + 2) + 0.108024691358025*2**(3/4)*sqrt(-sqrt(2) + 2) + 0.0462962962962963*2**(3/4)*sqrt(sqrt(2) + 2))/(sqrt(pi)*(nu**2 - 1))
-0.265625*E/(nu - 1),E*(0.484479166666667*nu - 1.4534375)/(nu**2 - 1),E*(0.6046875*nu - 0.1078125)/(nu**2 - 1),E*(-0.7875*nu + 0.706875)/(nu**2 - 1),E*(-0.1546875*nu + 0.1453125)/(nu**2 - 1),E*(0.225*nu - 0.181875)/(nu**2 - 1),E*(0.065625*nu - 0.021875)/(nu**2 - 1),E*(0.0780208333333333*nu - 0.5465625)/(nu**2 - 1),0.1078125*E/(nu - 1),E*(-0.0403125*nu + 0.8278125)/(nu**2 - 1),-E*(0.1453125*nu + 0.1453125)/(nu**2 - 1),E*(0.0215625*nu - 0.2465625)/(nu**2 - 1),0.059375*E/(nu - 1),E*(0.0469791666666667*nu - 0.1409375)/(nu**2 - 1),-E*(0.1453125*nu + 0.1453125)/(nu**2 - 1),E*(0.1125*nu - 0.155625)/(nu**2 - 1),E*(0.1078125*nu + 0.1078125)/(nu**2 - 1),E*(-0.39375*nu + 0.474375)/(nu**2 - 1),E*(-0.065625*nu + 0.021875)/(nu**2 - 1),E*(0.234270833333333*nu - 0.3903125)/(nu**2 - 1),E*(0.2953125*nu - 0.00468750000000008)/(nu**2 - 1),-E*(0.0215625*nu + 0.4284375)/(nu**2 - 1),E*(-0.4640625*nu + 0.2484375)/(nu**2 - 1),E*(0.0403125*nu + 1.5346875)/(nu**2 - 1),(-0.0308641975308642*2**(3/4)*nu**2*sqrt(-sqrt(2) + 2) + 0.0229666617148631*sqrt(2)*nu**2 + 0.0154320987654321*2**(1/4)*nu**2*sqrt(sqrt(2) + 2) + 0.0462962962962963*2**(1/4)*nu**2*sqrt(-sqrt(2) + 2) - 0.0617283950617284*2**(3/4)*nu*sqrt(sqrt(2) + 2) - 0.0308641975308642*2**(1/4)*nu*sqrt(sqrt(2) + 2) + 0.0308641975308642*2**(1/4)*nu*sqrt(-sqrt(2) + 2) + 0.0617283950617284*2**(3/4)*nu*sqrt(-sqrt(2) + 2) + 0.0569844914392304*sqrt(2)*nu - 0.0617283950617284*2**(3/4)*sqrt(sqrt(2) + 2) - 0.0462962962962963*2**(1/4)*sqrt(sqrt(2) + 2) - 0.0154320987654321*2**(1/4)*sqrt(-sqrt(2) + 2) + 0.0340178297243673*sqrt(2) + 0.0925925925925926*2**(3/4)*sqrt(-sqrt(2) + 2))/(sqrt(pi)*(nu**2 - 1)),(-0.0308641975308642*2**(1/4)*nu**2*sqrt(sqrt(2) + 2) - 0.027459468648552*sqrt(2)*nu**2 - 0.0308641975308642*2**(1/4)*nu**2*sqrt(-sqrt(2) + 2) - 0.0154320987654321*2**(3/4)*nu**2*sqrt(-sqrt(2) + 2) + 0.0462962962962963*2**(3/4)*nu**2*sqrt(sqrt(2) + 2) - 0.0617283950617284*2**(1/4)*nu*sqrt(sqrt(2) + 2) + 5.55111512312578e-17*sqrt(2)*nu + 0.0308641975308642*2**(3/4)*nu*sqrt(-sqrt(2) + 2) + 0.0308641975308642*2**(3/4)*nu*sqrt(sqrt(2) + 2) - 0.0308641975308642*2**(1/4)*sqrt(sqrt(2) + 2) - 0.0154320987654321*2**(3/4)*sqrt(sqrt(2) + 2) + 0.0308641975308642*2**(1/4)*sqrt(-sqrt(2) + 2) + 0.027459468648552*sqrt(2) + 0.0462962962962963*2**(3/4)*sqrt(-sqrt(2) + 2))/(sqrt(pi)*(nu**2 - 1))
E*(0.0403125*nu + 1.5346875)/(nu**2 - 1),E*(0.6046875*nu - 0.1078125)/(nu**2 - 1),E*(0.1603125*nu - 3.7603125)/(nu**2 - 1),3.12250225675825e-17*E/(nu - 1),E*(0.00843750000000002*nu + 2.4665625)/(nu**2 - 1),E*(-0.759375*nu + 0.253125)/(nu**2 - 1),-E*(0.0215625*nu + 0.4284375)/(nu**2 - 1),E*(0.1546875*nu - 0.1453125)/(nu**2 - 1),E*(2.08166817117217e-17*nu - 1.94289029309402e-16)/(nu**2 - 1),0.0703125*E/(nu - 1),E*(-1.38777878078145e-17*nu + 3.46944695195361e-18)/(nu**2 - 1),E*(0.0703124999999999*nu + 0.0703125)/(nu**2 - 1),E*(0.0215625*nu - 0.2465625)/(nu**2 - 1),-E*(0.1453125*nu + 0.1453125)/(nu**2 - 1),E*(-0.00843750000000002*nu + 1.2459375)/(nu**2 - 1),0.253125*E/(nu - 1),-E*(0.1603125*nu + 1.6396875)/(nu**2 - 1),E*(-9.54097911787244e-17*nu + 3.29597460435593e-17)/(nu**2 - 1),E*(-0.0403125*nu + 0.8278125)/(nu**2 - 1),-E*(0.1078125*nu + 0.1078125)/(nu**2 - 1),E*(9.97465998686664e-17*nu - 8.93382590128056e-17)/(nu**2 - 1),-E*(0.0703124999999999*nu + 0.0703125)/(nu**2 - 1),E*(-1.17961196366423e-16*nu + 2.91433543964104e-16)/(nu**2 - 1),-E*(0.0703125000000004*nu + 0.0703125)/(nu**2 - 1),(-0.115474086564708*sqrt(2)*nu**2 - 0.0277777777777778*2**(3/4)*nu**2*sqrt(-sqrt(2) + 2) + 0.0138888888888889*2**(1/4)*nu**2*sqrt(sqrt(2) + 2) + 0.0416666666666667*2**(1/4)*nu**2*sqrt(-sqrt(2) + 2) + 0.0555555555555556*2**(3/4)*nu**2*sqrt(sqrt(2) + 2) - 0.230948173129416*sqrt(2)*nu - 0.166666666666667*2**(3/4)*nu*sqrt(-sqrt(2) + 2) - 0.0833333333333333*2**(1/4)*nu*sqrt(-sqrt(2) + 2) + 0.0833333333333333*2**(1/4)*nu*sqrt(sqrt(2) + 2) + 0.166666666666667*2**(3/4)*nu*sqrt(sqrt(2) + 2) - 0.138888888888889*2**(3/4)*sqrt(-sqrt(2) + 2) - 0.115474086564708*sqrt(2) - 0.125*2**(1/4)*sqrt(-sqrt(2) + 2) + 0.0694444444444444*2**(1/4)*sqrt(sqrt(2) + 2) + 0.111111111111111*2**(3/4)*sqrt(sqrt(2) + 2))/(sqrt(pi)*(nu**2 - 1)),1.0*(-0.369350731207441*sqrt(2)*nu**2 - 0.0277777777777778*2**(1/4)*nu**2*sqrt(-sqrt(2) + 2) + 0.0277777777777778*2**(1/4)*nu**2*sqrt(sqrt(2) + 2) + 0.152777777777778*2**(3/4)*nu**2*sqrt(-sqrt(2) + 2) + 0.0972222222222222*2**(3/4)*nu**2*sqrt(sqrt(2) + 2) - 0.0833333333333333*2**(3/4)*nu*sqrt(sqrt(2) + 2) - 0.0833333333333333*2**(3/4)*nu*sqrt(-sqrt(2) + 2) + 1.56125112837913e-17*sqrt(2)*nu + 0.166666666666667*2**(1/4)*nu*sqrt(sqrt(2) + 2) - 0.180555555555556*2**(3/4)*sqrt(sqrt(2) + 2) - 0.236111111111111*2**(3/4)*sqrt(-sqrt(2) + 2) + 0.0277777777777778*2**(1/4)*sqrt(-sqrt(2) + 2) + 0.138888888888889*2**(1/4)*sqrt(sqrt(2) + 2) + 0.369350731207441*sqrt(2))/(sqrt(pi)*(nu**2 - 1))
E*(-0.4640625*nu + 0.2484375)/(nu**2 - 1),E*(-0.7875*nu + 0.706875)/(nu**2 - 1),3.12250225675825e-17*E/(nu - 1),E*(1.8*nu - 2.120625)/(nu**2 - 1),E*(0.759375*nu - 0.253125)/(nu**2 - 1),E*(-1.2375*nu + 1.220625)/(nu**2 - 1),E*(-0.2953125*nu + 0.00468750000000004)/(nu**2 - 1),E*(0.225*nu - 0.181875)/(nu**2 - 1),0.0703125*E/(nu - 1),E*(8.67361737988404e-17*nu - 1.28369537222284e-16)/(nu**2 - 1),0.0703125*E/(nu - 1),E*(5.20417042793042e-18*nu + 2.25514051876985e-17)/(nu**2 - 1),-E*(0.1453125*nu + 0.1453125)/(nu**2 - 1),E*(0.1125*nu - 0.155625)/(nu**2 - 1),0.253125*E/(nu - 1),E*(-0.61875*nu + 0.635625)/(nu**2 - 1),E*(9.71445146547012e-17*nu - 3.12250225675825e-17)/(nu**2 - 1),E*(0.9*nu - 0.579375)/(nu**2 - 1),-E*(0.1078125*nu + 0.1078125)/(nu**2 - 1),E*(-0.39375*nu + 0.474375)/(nu**2 - 1),-0.0703125*E/(nu - 1),-E*(5.20417042793042e-18*nu + 1.94289029309402e-16)/(nu**2 - 1),-E*(0.0703124999999998*nu + 0.0703125000000002)/(nu**2 - 1),E*(-8.67361737988404e-17*nu + 3.22658566531686e-16)/(nu**2 - 1),1.0*(-0.0694444444444444*2**(1/4)*nu**2*sqrt(sqrt(2) + 2) - 0.0416666666666667*2**(1/4)*nu**2*sqrt(-sqrt(2) + 2) + 0.0172277804968165*sqrt(2)*nu**2 + 0.0555555555555556*2**(3/4)*nu**2*sqrt(-sqrt(2) + 2) + 0.0277777777777778*2**(3/4)*nu**2*sqrt(sqrt(2) + 2) - 0.0555555555555556*2**(3/4)*nu*sqrt(-sqrt(2) + 2) - 0.0277777777777778*2**(1/4)*nu*sqrt(-sqrt(2) + 2) + 0.0277777777777778*2**(1/4)*nu*sqrt(sqrt(2) + 2) + 0.0968382335413095*sqrt(2)*nu + 0.0555555555555556*2**(3/4)*nu*sqrt(sqrt(2) + 2) - 0.111111111111111*2**(3/4)*sqrt(-sqrt(2) + 2) + 0.0138888888888889*2**(1/4)*sqrt(-sqrt(2) + 2) + 0.0277777777777778*2**(3/4)*sqrt(sqrt(2) + 2) + 0.079610453044493*sqrt(2) + 0.0972222222222222*2**(1/4)*sqrt(sqrt(2) + 2))/(sqrt(pi)*(nu**2 - 1)),1.0*(-0.0972222222222222*2**(3/4)*nu**2*sqrt(sqrt(2) + 2) + 0.0555555555555556*2**(1/4)*nu**2*sqrt(-sqrt(2) + 2) + 0.0694444444444444*2**(3/4)*nu**2*sqrt(-sqrt(2) + 2) + 0.126309341392561*sqrt(2)*nu**2 - 0.0277777777777778*2**(3/4)*nu*sqrt(sqrt(2) + 2) - 0.0277777777777778*2**(3/4)*nu*sqrt(-sqrt(2) + 2) - 6.93889390390723e-18*sqrt(2)*nu + 0.0555555555555556*2**(1/4)*nu*sqrt(sqrt(2) + 2) - 0.126309341392561*sqrt(2) - 0.0972222222222222*2**(3/4)*sqrt(-sqrt(2) + 2) - 0.0555555555555556*2**(1/4)*sqrt(-sqrt(2) + 2) + 0.0555555555555556*2**(1/4)*sqrt(sqrt(2) + 2) + 0.0694444444444444*2**(3/4)*sqrt(sqrt(2) + 2))/(sqrt(pi)*(nu**2 - 1))
-E*(0.0215625*nu + 0.4284375)/(nu**2 - 1),E*(-0.1546875*nu + 0.1453125)/(nu**2 - 1),E*(0.00843750000000002*nu + 2.4665625)/(nu**2 - 1),E*(0.759375*nu - 0.253125)/(nu**2 - 1),E*(0.1603125*nu - 3.7603125)/(nu**2 - 1),-3.12250225675825e-17*E/(nu - 1),E*(0.0403125*nu + 1.5346875)/(nu**2 - 1),E*(-0.6046875*nu + 0.1078125)/(nu**2 - 1),E*(-7.97972798949331e-17*nu + 2.67147415300428e-16)/(nu**2 - 1),E*(0.0703125000000004*nu + 0.0703125)/(nu**2 - 1),E*(1.11022302462516e-16*nu - 1.14491749414469e-16)/(nu**2 - 1),E*(0.0703124999999999*nu + 0.0703125)/(nu**2 - 1),E*(-0.0403125*nu + 0.8278125)/(nu**2 - 1),E*(0.1078125*nu + 0.1078125)/(nu**2 - 1),-E*(0.1603125*nu + 1.6396875)/(nu**2 - 1),E*(9.0205620750794e-17*nu - 2.77555756156289e-17)/(nu**2 - 1),E*(-0.00843750000000002*nu + 1.2459375)/(nu**2 - 1),-E*(0.253125*nu + 0.253125)/(nu**2 - 1),E*(0.0215625*nu - 0.2465625)/(nu**2 - 1),0.1453125*E/(nu - 1),E*(-8.67361737988404e-18*nu + 1.21430643318376e-17)/(nu**2 - 1),-0.0703125*E/(nu - 1),E*(5.20417042793042e-18*nu - 1.92554305833426e-16)/(nu**2 - 1),-0.0703125*E/(nu - 1),1.0*(-0.0694444444444444*2**(1/4)*nu**2*sqrt(sqrt(2) + 2) - 0.0277777777777778*2**(3/4)*nu**2*sqrt(sqrt(2) + 2) - 0.0416666666666667*2**(1/4)*nu**2*sqrt(-sqrt(2) + 2) + 0.0555555555555556*2**(3/4)*nu**2*sqrt(-sqrt(2) + 2) + 0.333414895804939*sqrt(2)*nu**2 - 0.166666666666667*2**(3/4)*nu*sqrt(sqrt(2) + 2) - 0.0833333333333333*2**(1/4)*nu*sqrt(sqrt(2) + 2) + 0.0833333333333333*2**(1/4)*nu*sqrt(-sqrt(2) + 2) + 0.166666666666667*2**(3/4)*nu*sqrt(-sqrt(2) + 2) + 0.666829791609878*sqrt(2)*nu - 0.138888888888889*2**(3/4)*sqrt(sqrt(2) + 2) - 0.0138888888888889*2**(1/4)*sqrt(sqrt(2) + 2) + 0.125*2**(1/4)*sqrt(-sqrt(2) + 2) + 0.111111111111111*2**(3/4)*sqrt(-sqrt(2) + 2) + 0.333414895804939*sqrt(2))/(sqrt(pi)*(nu**2 - 1)),(-0.152777777777778*2**(3/4)*nu**2*sqrt(sqrt(2) + 2) - 0.0972222222222222*2**(3/4)*nu**2*sqrt(-sqrt(2) + 2) - 0.0555555555555556*2**(1/4)*nu**2*sqrt(sqrt(2) + 2) + 0.0555555555555556*2**(1/4)*nu**2*sqrt(-sqrt(2) + 2) + 0.45316795915177*sqrt(2)*nu**2 - 0.166666666666667*2**(1/4)*nu*sqrt(sqrt(2) + 2) - 1.52655665885959e-16*sqrt(2)*nu + 0.0833333333333333*2**(3/4)*nu*sqrt(-sqrt(2) + 2) + 0.0833333333333333*2**(3/4)*nu*sqrt(sqrt(2) + 2) - 0.45316795915177*sqrt(2) - 0.111111111111111*2**(1/4)*sqrt(sqrt(2) + 2) - 0.0555555555555556*2**(1/4)*sqrt(-sqrt(2) + 2) + 0.180555555555556*2**(3/4)*sqrt(-sqrt(2) + 2) + 0.236111111111111*2**(3/4)*sqrt(sqrt(2) + 2))/(sqrt(pi)*(nu**2 - 1))
E*(0.2953125*nu - 0.00468750000000005)/(nu**2 - 1),E*(0.225*nu - 0.181875)/(nu**2 - 1),E*(-0.759375*nu + 0.253125)/(nu**2 - 1),E*(-1.2375*nu + 1.220625)/(nu**2 - 1),-3.12250225675825e-17*E/(nu - 1),E*(1.8*nu - 2.120625)/(nu**2 - 1),E*(0.4640625*nu - 0.2484375)/(nu**2 - 1),E*(-0.7875*nu + 0.706875)/(nu**2 - 1),E*(0.0703124999999998*nu + 0.0703125000000002)/(nu**2 - 1),E*(-9.36750677027476e-17*nu + 2.53269627492614e-16)/(nu**2 - 1),0.0703125*E/(nu - 1),E*(1.73472347597681e-18*nu - 2.23779328401008e-16)/(nu**2 - 1),E*(0.1078125*nu + 0.1078125)/(nu**2 - 1),E*(-0.39375*nu + 0.474375)/(nu**2 - 1),E*(-8.67361737988404e-17*nu + 3.12250225675825e-17)/(nu**2 - 1),E*(0.9*nu - 0.579375)/(nu**2 - 1),-E*(0.253125*nu + 0.253125)/(nu**2 - 1),E*(-0.61875*nu + 0.635625)/(nu**2 - 1),0.1453125*E/(nu - 1),E*(0.1125*nu - 0.155625)/(nu**2 - 1),-0.0703125*E/(nu - 1),E*(-1.73472347597681e-18*nu + 1.90819582357449e-17)/(nu**2 - 1),-0.0703125*E/(nu - 1),E*(9.36750677027476e-17*nu - 1.04083408558608e-16)/(nu**2 - 1),(-0.161962106001094*sqrt(2)*nu**2 - 0.0555555555555556*2**(3/4)*nu**2*sqrt(sqrt(2) + 2) - 0.0416666666666667*2**(1/4)*nu**2*sqrt(-sqrt(2) + 2) - 0.0277777777777778*2**(3/4)*nu**2*sqrt(-sqrt(2) + 2) + 0.0972222222222222*2**(1/4)*nu**2*sqrt(sqrt(2) + 2) - 0.0555555555555556*2**(3/4)*nu*sqrt(-sqrt(2) + 2) - 0.0277777777777778*2**(1/4)*nu*sqrt(-sqrt(2) + 2) + 0.0277777777777778*2**(1/4)*nu*sqrt(sqrt(2) + 2) + 0.0555555555555556*2**(3/4)*nu*sqrt(sqrt(2) + 2) + 0.250263003432185*sqrt(2)*nu - 0.0694444444444444*2**(1/4)*sqrt(sqrt(2) + 2) - 0.0277777777777778*2**(3/4)*sqrt(-sqrt(2) + 2) + 0.0138888888888889*2**(1/4)*sqrt(-sqrt(2) + 2) + 0.111111111111111*2**(3/4)*sqrt(sqrt(2) + 2) + 0.412225109433279*sqrt(2))/(sqrt(pi)*(nu**2 - 1)),(-0.228012345065895*sqrt(2)*nu**2 - 0.0972222222222222*2**(3/4)*nu**2*sqrt(-sqrt(2) + 2) - 0.0277777777777778*2**(1/4)*nu**2*sqrt(-sqrt(2) + 2) + 0.0833333333333333*2**(1/4)*nu**2*sqrt(sqrt(2) + 2) + 0.0694444444444444*2**(3/4)*nu**2*sqrt(sqrt(2) + 2) - 0.0277777777777778*2**(3/4)*nu*sqrt(sqrt(2) + 2) - 0.0277777777777778*2**(3/4)*nu*sqrt(-sqrt(2) + 2) - 1.71575973394835e-17*sqrt(2)*nu + 0.0555555555555556*2**(1/4)*nu*sqrt(sqrt(2) + 2) - 0.0972222222222222*2**(3/4)*sqrt(sqrt(2) + 2) - 0.0277777777777778*2**(1/4)*sqrt(sqrt(2) + 2) + 0.0277777777777778*2**(1/4)*sqrt(-sqrt(2) + 2) + 0.0694444444444444*2**(3/4)*sqrt(-sqrt(2) + 2) + 0.228012345065895*sqrt(2))/(sqrt(pi)*(nu**2 - 1))
E*(0.234270833333333*nu - 0.3903125)/(nu**2 - 1),E*(0.065625*nu - 0.021875)/(nu**2 - 1),-E*(0.0215625*nu + 0.4284375)/(nu**2 - 1),E*(-0.2953125*nu + 0.00468750000000004)/(nu**2 - 1),E*(0.0403125*nu + 1.5346875)/(nu**2 - 1),E*(0.4640625*nu - 0.2484375)/(nu**2 - 1),E*(0.484479166666667*nu - 1.4534375)/(nu**2 - 1),0.265625*E/(nu - 1),E*(-0.7875*nu + 0.706875)/(nu**2 - 1),E*(-0.6046875*nu + 0.1078125)/(nu**2 - 1),E*(0.225*nu - 0.181875)/(nu**2 - 1),E*(0.1546875*nu - 0.1453125)/(nu**2 - 1),E*(0.0780208333333333*nu - 0.5465625)/(nu**2 - 1),E*(-0.065625*nu + 0.021875)/(nu**2 - 1),E*(-0.0403125*nu + 0.8278125)/(nu**2 - 1),-E*(0.1078125*nu + 0.1078125)/(nu**2 - 1),E*(0.0215625*nu - 0.2465625)/(nu**2 - 1),0.1453125*E/(nu - 1),E*(0.0469791666666667*nu - 0.1409375)/(nu**2 - 1),-0.059375*E/(nu - 1),E*(0.1125*nu - 0.155625)/(nu**2 - 1),0.1453125*E/(nu - 1),E*(-0.39375*nu + 0.474375)/(nu**2 - 1),-E*(0.1078125*nu + 0.1078125)/(nu**2 - 1),(-0.234760479687314*sqrt(2)*nu**2 - 0.0308641975308642*2**(3/4)*nu**2*sqrt(-sqrt(2) + 2) + 0.0154320987654321*2**(1/4)*nu**2*sqrt(-sqrt(2) + 2) + 0.0462962962962963*2**(1/4)*nu**2*sqrt(sqrt(2) + 2) - 0.469520959374628*sqrt(2)*nu - 0.0617283950617284*2**(3/4)*nu*sqrt(-sqrt(2) + 2) - 0.0308641975308642*2**(1/4)*nu*sqrt(-sqrt(2) + 2) + 0.0308641975308642*2**(1/4)*nu*sqrt(sqrt(2) + 2) + 0.0617283950617284*2**(3/4)*nu*sqrt(sqrt(2) + 2) - 0.234760479687314*sqrt(2) - 0.0462962962962963*2**(1/4)*sqrt(-sqrt(2) + 2) - 0.0308641975308642*2**(3/4)*sqrt(-sqrt(2) + 2) - 0.0154320987654321*2**(1/4)*sqrt(sqrt(2) + 2) + 0.0617283950617284*2**(3/4)*sqrt(sqrt(2) + 2))/(sqrt(pi)*(nu**2 - 1)),1.0*(-0.730019994618516*sqrt(2)*nu**2 - 0.0308641975308642*2**(1/4)*nu**2*sqrt(-sqrt(2) + 2) + 0.0154320987654321*2**(3/4)*nu**2*sqrt(-sqrt(2) + 2) + 0.0308641975308642*2**(1/4)*nu**2*sqrt(sqrt(2) + 2) + 0.0771604938271605*2**(3/4)*nu**2*sqrt(sqrt(2) + 2) - 0.0308641975308642*2**(3/4)*nu*sqrt(sqrt(2) + 2) - 0.0308641975308642*2**(3/4)*nu*sqrt(-sqrt(2) + 2) + 9.19403442267708e-17*sqrt(2)*nu + 0.0617283950617284*2**(1/4)*nu*sqrt(sqrt(2) + 2) - 0.108024691358025*2**(3/4)*sqrt(sqrt(2) + 2) - 0.0462962962962963*2**(3/4)*sqrt(-sqrt(2) + 2) + 0.0308641975308642*2**(1/4)*sqrt(-sqrt(2) + 2) + 0.0308641975308642*2**(1/4)*sqrt(sqrt(2) + 2) + 0.730019994618517*sqrt(2))/(sqrt(pi)*(nu**2 - 1))
E*(-0.065625*nu + 0.021875)/(nu**2 - 1),E*(0.0780208333333333*nu - 0.5465625)/(nu**2 - 1),E*(0.1546875*nu - 0.1453125)/(nu**2 - 1),E*(0.225*nu - 0.181875)/(nu**2 - 1),E*(-0.6046875*nu + 0.1078125)/(nu**2 - 1),E*(-0.7875*nu + 0.706875)/(nu**2 - 1),0.265625*E/(nu - 1),E*(0.484479166666667*nu - 1.4534375)/(nu**2 - 1),E*(0.4640625*nu - 0.2484375)/(nu**2 - 1),E*(0.0403125*nu + 1.5346875)/(nu**2 - 1),E*(-0.2953125*nu + 0.00468750000000009)/(nu**2 - 1),-E*(0.0215625*nu + 0.4284375)/(nu**2 - 1),E*(0.065625*nu - 0.021875)/(nu**2 - 1),E*(0.234270833333333*nu - 0.3903125)/(nu**2 - 1),-E*(0.1078125*nu + 0.1078125)/(nu**2 - 1),E*(-0.39375*nu + 0.474375)/(nu**2 - 1),0.1453125*E/(nu - 1),E*(0.1125*nu - 0.155625)/(nu**2 - 1),-0.059375*E/(nu - 1),E*(0.0469791666666667*nu - 0.1409375)/(nu**2 - 1),0.1453125*E/(nu - 1),E*(0.0215625*nu - 0.2465625)/(nu**2 - 1),-E*(0.1078125*nu + 0.1078125)/(nu**2 - 1),E*(-0.0403125*nu + 0.8278125)/(nu**2 - 1),1.0*(-0.0462962962962963*2**(1/4)*nu**2*sqrt(sqrt(2) + 2) - 0.00838534911709211*sqrt(2)*nu**2 + 0.0462962962962963*2**(1/4)*nu**2*sqrt(-sqrt(2) + 2) + 0.0308641975308642*2**(3/4)*nu**2*sqrt(sqrt(2) + 2) - 0.0617283950617284*2**(3/4)*nu*sqrt(sqrt(2) + 2) - 0.0308641975308642*2**(1/4)*nu*sqrt(sqrt(2) + 2) + 0.0308641975308642*2**(1/4)*nu*sqrt(-sqrt(2) + 2) + 0.0617283950617284*2**(3/4)*nu*sqrt(-sqrt(2) + 2) + 0.361374523587828*sqrt(2)*nu - 0.0925925925925926*2**(3/4)*sqrt(sqrt(2) + 2) - 0.0154320987654321*2**(1/4)*sqrt(-sqrt(2) + 2) + 0.0154320987654321*2**(1/4)*sqrt(sqrt(2) + 2) + 0.0617283950617284*2**(3/4)*sqrt(-sqrt(2) + 2) + 0.36975987270492*sqrt(2))/(sqrt(pi)*(nu**2 - 1)),1.0*(-0.0617283950617284*2**(1/4)*nu**2*sqrt(sqrt(2) + 2) - 0.0154320987654321*2**(3/4)*nu**2*sqrt(sqrt(2) + 2) + 0.0462962962962963*2**(3/4)*nu**2*sqrt(-sqrt(2) + 2) + 0.313828306110252*sqrt(2)*nu**2 - 0.0617283950617284*2**(1/4)*nu*sqrt(sqrt(2) + 2) + 5.91336221902803e-17*sqrt(2)*nu + 0.0308641975308642*2**(3/4)*nu*sqrt(-sqrt(2) + 2) + 0.0308641975308642*2**(3/4)*nu*sqrt(sqrt(2) + 2) - 0.313828306110252*sqrt(2) - 0.0154320987654321*2**(3/4)*sqrt(-sqrt(2) + 2) + 0.0462962962962963*2**(3/4)*sqrt(sqrt(2) + 2))/(sqrt(pi)*(nu**2 - 1))
E*(-0.39375*nu + 0.474375)/(nu**2 - 1),0.1078125*E/(nu - 1),E*(2.08166817117217e-17*nu - 1.94289029309402e-16)/(nu**2 - 1),0.0703125*E/(nu - 1),E*(-7.97972798949331e-17*nu + 2.67147415300428e-16)/(nu**2 - 1),E*(0.0703124999999998*nu + 0.0703125000000002)/(nu**2 - 1),E*(-0.7875*nu + 0.706875)/(nu**2 - 1),E*(0.4640625*nu - 0.2484375)/(nu**2 - 1),E*(1.8*nu - 2.120625)/(nu**2 - 1),-8.67361737988404e-18*E/(nu - 1),E*(-1.2375*nu + 1.220625)/(nu**2 - 1),E*(-0.759375*nu + 0.253125)/(nu**2 - 1),E*(0.225*nu - 0.181875)/(nu**2 - 1),E*(0.2953125*nu - 0.00468750000000008)/(nu**2 - 1),E*(7.97972798949331e-17*nu - 5.20417042793042e-17)/(nu**2 - 1),-0.0703125*E/(nu - 1),E*(-2.08166817117217e-17*nu + 1.04083408558608e-17)/(nu**2 - 1),-0.0703125*E/(nu - 1),E*(0.1125*nu - 0.155625)/(nu**2 - 1),E*(0.1453125*nu + 0.1453125)/(nu**2 - 1),E*(-0.61875*nu + 0.635625)/(nu**2 - 1),-0.253125*E/(nu - 1),E*(0.9*nu - 0.579375)/(nu**2 - 1),E*(-5.3776427755281e-17*nu + 8.67361737988404e-18)/(nu**2 - 1),1.0*(-0.0972222222222222*2**(1/4)*nu**2*sqrt(sqrt(2) + 2) - 0.100108724559016*sqrt(2)*nu**2 - 0.0138888888888889*2**(1/4)*nu**2*sqrt(-sqrt(2) + 2) + 0.0555555555555556*2**(3/4)*nu**2*sqrt(-sqrt(2) + 2) + 0.0277777777777778*2**(3/4)*nu**2*sqrt(sqrt(2) + 2) - 0.200217449118032*sqrt(2)*nu - 0.0555555555555556*2**(3/4)*nu*sqrt(sqrt(2) + 2) - 0.0277777777777778*2**(1/4)*nu*sqrt(sqrt(2) + 2) + 0.0277777777777778*2**(1/4)*nu*sqrt(-sqrt(2) + 2) + 0.0555555555555556*2**(3/4)*nu*sqrt(-sqrt(2) + 2) - 0.0833333333333333*2**(3/4)*sqrt(sqrt(2) + 2) - 0.100108724559016*sqrt(2) + 0.0416666666666667*2**(1/4)*sqrt(-sqrt(2) + 2) + 0.0694444444444444*2**(1/4)*sqrt(sqrt(2) + 2))/(sqrt(pi)*(nu**2 - 1)),1.0*(-0.289274339909483*sqrt(2)*nu**2 - 0.125*2**(3/4)*nu**2*sqrt(sqrt(2) + 2) - 0.0555555555555556*2**(1/4)*nu**2*sqrt(sqrt(2) + 2) + 0.0555555555555556*2**(1/4)*nu**2*sqrt(-sqrt(2) + 2) + 0.0416666666666667*2**(3/4)*nu**2*sqrt(-sqrt(2) + 2) - 0.0555555555555556*2**(1/4)*nu*sqrt(sqrt(2) + 2) + 5.17479192510722e-17*sqrt(2)*nu + 0.0277777777777778*2**(3/4)*nu*sqrt(-sqrt(2) + 2) + 0.0277777777777778*2**(3/4)*nu*sqrt(sqrt(2) + 2) - 0.0555555555555556*2**(1/4)*sqrt(-sqrt(2) + 2) - 0.0138888888888889*2**(3/4)*sqrt(-sqrt(2) + 2) + 0.289274339909483*sqrt(2) + 0.152777777777778*2**(3/4)*sqrt(sqrt(2) + 2))/(sqrt(pi)*(nu**2 - 1))
0.1078125*E/(nu - 1),E*(-0.0403125*nu + 0.8278125)/(nu**2 - 1),0.0703125*E/(nu - 1),E*(8.67361737988404e-17*nu - 1.28369537222284e-16)/(nu**2 - 1),E*(0.0703125000000004*nu + 0.0703125)/(nu**2 - 1),E*(-9.36750677027476e-17*nu + 2.53269627492614e-16)/(nu**2 - 1),E*(-0.6046875*nu + 0.1078125)/(nu**2 - 1),E*(0.0403125*nu + 1.5346875)/(nu**2 - 1),-8.67361737988404e-18*E/(nu - 1),E*(0.1603125*nu - 3.7603125)/(nu**2 - 1),E*(0.759375*nu - 0.253125)/(nu**2 - 1),E*(0.00843750000000002*nu + 2.4665625)/(nu**2 - 1),E*(-0.1546875*nu + 0.1453125)/(nu**2 - 1),-E*(0.0215625*nu + 0.4284375)/(nu**2 - 1),-E*(0.0703124999999998*nu + 0.0703125)/(nu**2 - 1),-E*(1.38777878078145e-17*nu + 1.45716771982052e-16)/(nu**2 - 1),-E*(0.0703124999999999*nu + 0.0703125)/(nu**2 - 1),E*(5.20417042793042e-18*nu + 3.64291929955129e-17)/(nu**2 - 1),E*(0.1453125*nu + 0.1453125)/(nu**2 - 1),E*(0.0215625*nu - 0.2465625)/(nu**2 - 1),-0.253125*E/(nu - 1),E*(-0.00843750000000002*nu + 1.2459375)/(nu**2 - 1),E*(3.98986399474666e-17*nu - 2.25514051876985e-17)/(nu**2 - 1),-E*(0.1603125*nu + 1.6396875)/(nu**2 - 1),1.0*(-0.0555555555555556*2**(3/4)*nu**2*sqrt(sqrt(2) + 2) - 0.104907038386548*sqrt(2)*nu**2 - 0.125*2**(1/4)*nu**2*sqrt(-sqrt(2) + 2) + 0.0277777777777778*2**(3/4)*nu**2*sqrt(-sqrt(2) + 2) + 0.0694444444444444*2**(1/4)*nu**2*sqrt(sqrt(2) + 2) - 0.437170424744272*sqrt(2)*nu - 0.166666666666667*2**(3/4)*nu*sqrt(-sqrt(2) + 2) - 0.0833333333333333*2**(1/4)*nu*sqrt(-sqrt(2) + 2) + 0.0833333333333333*2**(1/4)*nu*sqrt(sqrt(2) + 2) + 0.166666666666667*2**(3/4)*nu*sqrt(sqrt(2) + 2) - 0.332263386357724*sqrt(2) - 0.194444444444444*2**(3/4)*sqrt(-sqrt(2) + 2) + 0.0138888888888889*2**(1/4)*sqrt(sqrt(2) + 2) + 0.0416666666666667*2**(1/4)*sqrt(-sqrt(2) + 2) + 0.222222222222222*2**(3/4)*sqrt(sqrt(2) + 2))/(sqrt(pi)*(nu**2 - 1)),(-0.0694444444444444*2**(3/4)*nu**2*sqrt(-sqrt(2) + 2) - 0.0138888888888889*2**(3/4)*nu**2*sqrt(sqrt(2) + 2) + 0.0277777777777778*2**(1/4)*nu**2*sqrt(-sqrt(2) + 2) + 0.0399820138478648*sqrt(2)*nu**2 + 0.138888888888889*2**(1/4)*nu**2*sqrt(sqrt(2) + 2) - 0.0833333333333333*2**(3/4)*nu*sqrt(sqrt(2) + 2) - 0.0833333333333333*2**(3/4)*nu*sqrt(-sqrt(2) + 2) - 2.77555756156289e-16*sqrt(2)*nu + 0.166666666666667*2**(1/4)*nu*sqrt(sqrt(2) + 2) - 0.0694444444444444*2**(3/4)*sqrt(sqrt(2) + 2) - 0.0399820138478647*sqrt(2) - 0.0277777777777778*2**(1/4)*sqrt(-sqrt(2) + 2) - 0.0138888888888889*2**(3/4)*sqrt(-sqrt(2) + 2) + 0.0277777777777778*2**(1/4)*sqrt(sqrt(2) + 2))/(sqrt(pi)*(nu**2 - 1))
E*(0.1125*nu - 0.155625)/(nu**2 - 1),-E*(0.1453125*nu + 0.1453125)/(nu**2 - 1),E*(-1.38777878078145e-17*nu + 3.46944695195361e-18)/(nu**2 - 1),0.0703125*E/(nu - 1),E*(1.11022302462516e-16*nu - 1.14491749414469e-16)/(nu**2 - 1),0.0703125*E/(nu - 1),E*(0.225*nu - 0.181875)/(nu**2 - 1),E*(-0.2953125*nu + 0.00468750000000009)/(nu**2 - 1),E*(-1.2375*nu + 1.220625)/(nu**2 - 1),E*(0.759375*nu - 0.253125)/(nu**2 - 1),E*(1.8*nu - 2.120625)/(nu**2 - 1),1.38777878078145e-17*E/(nu - 1),E*(-0.7875*nu + 0.706875)/(nu**2 - 1),E*(-0.4640625*nu + 0.2484375)/(nu**2 - 1),E*(-1.11022302462516e-16*nu + 2.77555756156289e-16)/(nu**2 - 1),-E*(0.0703124999999998*nu + 0.0703125000000002)/(nu**2 - 1),E*(1.38777878078145e-17*nu - 1.87350135405495e-16)/(nu**2 - 1),-0.0703125*E/(nu - 1),E*(-0.39375*nu + 0.474375)/(nu**2 - 1),-E*(0.1078125*nu + 0.1078125)/(nu**2 - 1),E*(0.9*nu - 0.579375)/(nu**2 - 1),E*(1.07552855510562e-16*nu - 1.38777878078145e-17)/(nu**2 - 1),E*(-0.61875*nu + 0.635625)/(nu**2 - 1),E*(0.253125*nu + 0.253125)/(nu**2 - 1),(-0.0555555555555556*2**(3/4)*nu**2*sqrt(sqrt(2) + 2) - 0.0856726523671995*sqrt(2)*nu**2 - 0.0277777777777778*2**(3/4)*nu**2*sqrt(-sqrt(2) + 2) - 0.0138888888888889*2**(1/4)*nu**2*sqrt(-sqrt(2) + 2) + 0.0694444444444444*2**(1/4)*nu**2*sqrt(sqrt(2) + 2) - 0.171345304734399*sqrt(2)*nu - 0.0555555555555556*2**(3/4)*nu*sqrt(sqrt(2) + 2) - 0.0277777777777778*2**(1/4)*nu*sqrt(sqrt(2) + 2) + 0.0277777777777778*2**(1/4)*nu*sqrt(-sqrt(2) + 2) + 0.0555555555555556*2**(3/4)*nu*sqrt(-sqrt(2) + 2) - 0.0972222222222222*2**(1/4)*sqrt(sqrt(2) + 2) - 0.0856726523671996*sqrt(2) + 0.0416666666666667*2**(1/4)*sqrt(-sqrt(2) + 2) + 0.0833333333333333*2**(3/4)*sqrt(-sqrt(2) + 2))/(sqrt(pi)*(nu**2 - 1)),(-0.286377526140435*sqrt(2)*nu**2 - 0.125*2**(3/4)*nu**2*sqrt(-sqrt(2) + 2) - 0.0277777777777778*2**(1/4)*nu**2*sqrt(-sqrt(2) + 2) + 0.0277777777777778*2**(1/4)*nu**2*sqrt(sqrt(2) + 2) + 0.0416666666666667*2**(3/4)*nu**2*sqrt(sqrt(2) + 2) - 0.0555555555555556*2**(1/4)*nu*sqrt(sqrt(2) + 2) - 2.75387351811318e-17*sqrt(2)*nu + 0.0277777777777778*2**(3/4)*nu*sqrt(-sqrt(2) + 2) + 0.0277777777777778*2**(3/4)*nu*sqrt(sqrt(2) + 2) - 0.0833333333333333*2**(1/4)*sqrt(sqrt(2) + 2) - 0.0138888888888889*2**(3/4)*sqrt(sqrt(2) + 2) + 0.0277777777777778*2**(1/4)*sqrt(-sqrt(2) + 2) + 0.152777777777778*2**(3/4)*sqrt(-sqrt(2) + 2) + 0.286377526140435*sqrt(2))/(sqrt(pi)*(nu**2 - 1))
-E*(0.1453125*nu + 0.1453125)/(nu**2 - 1),E*(0.0215625*nu - 0.2465625)/(nu**2 - 1),E*(0.0703124999999999*nu + 0.0703125)/(nu**2 - 1),E*(5.20417042793042e-18*nu + 2.25514051876985e-17)/(nu**2 - 1),E*(0.0703124999999999*nu + 0.0703125)/(nu**2 - 1),E*(1.73472347597681e-18*nu - 2.23779328401008e-16)/(nu**2 - 1),E*(0.1546875*nu - 0.1453125)/(nu**2 - 1),-E*(0.0215625*nu + 0.4284375)/(nu**2 - 1),E*(-0.759375*nu + 0.253125)/(nu**2 - 1),E*(0.00843750000000002*nu + 2.4665625)/(nu**2 - 1),1.38777878078145e-17*E/(nu - 1),E*(0.1603125*nu - 3.7603125)/(nu**2 - 1),E*(0.6046875*nu - 0.1078125)/(nu**2 - 1),E*(0.0403125*nu + 1.5346875)/(nu**2 - 1),-E*(0.0703125000000004*nu + 0.0703125)/(nu**2 - 1),E*(-8.32667268468867e-17*nu + 3.05311331771918e-16)/(nu**2 - 1),-0.0703125*E/(nu - 1),E*(8.67361737988404e-17*nu - 1.14491749414469e-16)/(nu**2 - 1),-E*(0.1078125*nu + 0.1078125)/(nu**2 - 1),E*(-0.0403125*nu + 0.8278125)/(nu**2 - 1),E*(-7.45931094670027e-17*nu + 4.68375338513738e-17)/(nu**2 - 1),-E*(0.1603125*nu + 1.6396875)/(nu**2 - 1),E*(0.253125*nu + 0.253125)/(nu**2 - 1),E*(-0.00843750000000002*nu + 1.2459375)/(nu**2 - 1),(-0.0555555555555556*2**(3/4)*nu**2*sqrt(-sqrt(2) + 2) - 0.0385210572832826*sqrt(2)*nu**2 - 0.0138888888888889*2**(1/4)*nu**2*sqrt(sqrt(2) + 2) + 0.0277777777777778*2**(3/4)*nu**2*sqrt(sqrt(2) + 2) + 0.125*2**(1/4)*nu**2*sqrt(-sqrt(2) + 2) - 0.166666666666667*2**(3/4)*nu*sqrt(sqrt(2) + 2) - 0.0833333333333333*2**(1/4)*nu*sqrt(sqrt(2) + 2) + 0.0833333333333333*2**(1/4)*nu*sqrt(-sqrt(2) + 2) + 0.166666666666667*2**(3/4)*nu*sqrt(-sqrt(2) + 2) + 0.208876515442548*sqrt(2)*nu - 0.194444444444444*2**(3/4)*sqrt(sqrt(2) + 2) - 0.0694444444444444*2**(1/4)*sqrt(sqrt(2) + 2) - 0.0416666666666667*2**(1/4)*sqrt(-sqrt(2) + 2) + 0.222222222222222*2**(3/4)*sqrt(-sqrt(2) + 2) + 0.247397572725831*sqrt(2))/(sqrt(pi)*(nu**2 - 1)),1.0*(-0.111111111111111*2**(1/4)*nu**2*sqrt(sqrt(2) + 2) - 0.0555555555555556*2**(1/4)*nu**2*sqrt(-sqrt(2) + 2) + 0.0138888888888889*2**(3/4)*nu**2*sqrt(-sqrt(2) + 2) + 0.14499954630091*sqrt(2)*nu**2 + 0.0694444444444444*2**(3/4)*nu**2*sqrt(sqrt(2) + 2) - 0.166666666666667*2**(1/4)*nu*sqrt(sqrt(2) + 2) - 1.38777878078145e-16*sqrt(2)*nu + 0.0833333333333333*2**(3/4)*nu*sqrt(-sqrt(2) + 2) + 0.0833333333333333*2**(3/4)*nu*sqrt(sqrt(2) + 2) - 0.14499954630091*sqrt(2) - 0.0555555555555556*2**(1/4)*sqrt(sqrt(2) + 2) + 0.0138888888888889*2**(3/4)*sqrt(sqrt(2) + 2) + 0.0555555555555556*2**(1/4)*sqrt(-sqrt(2) + 2) + 0.0694444444444444*2**(3/4)*sqrt(-sqrt(2) + 2))/(sqrt(pi)*(nu**2 - 1))
E*(0.0469791666666667*nu - 0.1409375)/(nu**2 - 1),0.059375*E/(nu - 1),E*(0.0215625*nu - 0.2465625)/(nu**2 - 1),-E*(0.1453125*nu + 0.1453125)/(nu**2 - 1),E*(-0.0403125*nu + 0.8278125)/(nu**2 - 1),E*(0.1078125*nu + 0.1078125)/(nu**2 - 1),E*(0.0780208333333333*nu - 0.5465625)/(nu**2 - 1),E*(0.065625*nu - 0.021875)/(nu**2 - 1),E*(0.225*nu - 0.181875)/(nu**2 - 1),E*(-0.1546875*nu + 0.1453125)/(nu**2 - 1),E*(-0.7875*nu + 0.706875)/(nu**2 - 1),E*(0.6046875*nu - 0.1078125)/(nu**2 - 1),E*(0.484479166666667*nu - 1.4534375)/(nu**2 - 1),-0.265625*E/(nu - 1),E*(0.0403125*nu + 1.5346875)/(nu**2 - 1),E*(-0.4640625*nu + 0.2484375)/(nu**2 - 1),-E*(0.0215625*nu + 0.4284375)/(nu**2 - 1),E*(0.2953125*nu - 0.00468750000000007)/(nu**2 - 1),E*(0.234270833333333*nu - 0.3903125)/(nu**2 - 1),E*(-0.065625*nu + 0.021875)/(nu**2 - 1),E*(-0.39375*nu + 0.474375)/(nu**2 - 1),E*(0.1078125*nu + 0.1078125)/(nu**2 - 1),E*(0.1125*nu - 0.155625)/(nu**2 - 1),-E*(0.1453125*nu + 0.1453125)/(nu**2 - 1),1.0*(-0.102674399294521*sqrt(2)*nu**2 - 0.0154320987654321*2**(1/4)*nu**2*sqrt(sqrt(2) + 2) + 0.0154320987654321*2**(1/4)*nu**2*sqrt(-sqrt(2) + 2) + 0.0308641975308642*2**(3/4)*nu**2*sqrt(sqrt(2) + 2) - 0.205348798589041*sqrt(2)*nu - 0.0617283950617284*2**(3/4)*nu*sqrt(-sqrt(2) + 2) - 0.0308641975308642*2**(1/4)*nu*sqrt(-sqrt(2) + 2) + 0.0308641975308642*2**(1/4)*nu*sqrt(sqrt(2) + 2) + 0.0617283950617284*2**(3/4)*nu*sqrt(sqrt(2) + 2) - 0.102674399294521*sqrt(2) - 0.0617283950617284*2**(3/4)*sqrt(-sqrt(2) + 2) - 0.0462962962962963*2**(1/4)*sqrt(-sqrt(2) + 2) + 0.0308641975308642*2**(3/4)*sqrt(sqrt(2) + 2) + 0.0462962962962963*2**(1/4)*sqrt(sqrt(2) + 2))/(sqrt(pi)*(nu**2 - 1)),1.0*(-0.189616719738863*sqrt(2)*nu**2 + 0.0154320987654321*2**(3/4)*nu**2*sqrt(sqrt(2) + 2) + 0.0771604938271605*2**(3/4)*nu**2*sqrt(-sqrt(2) + 2) - 0.0308641975308642*2**(3/4)*nu*sqrt(sqrt(2) + 2) - 0.0308641975308642*2**(3/4)*nu*sqrt(-sqrt(2) + 2) + 6.85215773010839e-17*sqrt(2)*nu + 0.0617283950617284*2**(1/4)*nu*sqrt(sqrt(2) + 2) - 0.0462962962962963*2**(3/4)*sqrt(sqrt(2) + 2) - 0.108024691358025*2**(3/4)*sqrt(-sqrt(2) + 2) + 0.0617283950617284*2**(1/4)*sqrt(sqrt(2) + 2) + 0.189616719738863*sqrt(2))/(sqrt(pi)*(nu**2 - 1))
0.059375*E/(nu - 1),E*(0.0469791666666667*nu - 0.1409375)/(nu**2 - 1),-E*(0.1453125*nu + 0.1453125)/(nu**2 - 1),E*(0.1125*nu - 0.155625)/(nu**2 - 1),E*(0.1078125*nu + 0.1078125)/(nu**2 - 1),E*(-0.39375*nu + 0.474375)/(nu**2 - 1),E*(-0.065625*nu + 0.021875)/(nu**2 - 1),E*(0.234270833333333*nu - 0.3903125)/(nu**2 - 1),E*(0.2953125*nu - 0.00468750000000008)/(nu**2 - 1),-E*(0.0215625*nu + 0.4284375)/(nu**2 - 1),E*(-0.4640625*nu + 0.2484375)/(nu**2 - 1),E*(0.0403125*nu + 1.5346875)/(nu**2 - 1),-0.265625*E/(nu - 1),E*(0.484479166666667*nu - 1.4534375)/(nu**2 - 1),E*(0.6046875*nu - 0.1078125)/(nu**2 - 1),E*(-0.7875*nu + 0.706875)/(nu**2 - 1),E*(-0.1546875*nu + 0.1453125)/(nu**2 - 1),E*(0.225*nu - 0.181875)/(nu**2 - 1),E*(0.065625*nu - 0.021875)/(nu**2 - 1),E*(0.0780208333333333*nu - 0.5465625)/(nu**2 - 1),E*(0.1078125*nu + 0.1078125)/(nu**2 - 1),E*(-0.0403125*nu + 0.8278125)/(nu**2 - 1),-E*(0.1453125*nu + 0.1453125)/(nu**2 - 1),E*(0.0215625*nu - 0.2465625)/(nu**2 - 1),1.0*(-0.0462962962962963*2**(1/4)*nu**2*sqrt(-sqrt(2) + 2) - 0.0154320987654321*2**(1/4)*nu**2*sqrt(sqrt(2) + 2) + 0.0308641975308642*2**(3/4)*nu**2*sqrt(-sqrt(2) + 2) + 0.151813444786923*sqrt(2)*nu**2 - 0.133080614286104*sqrt(2)*nu - 0.0617283950617284*2**(3/4)*nu*sqrt(-sqrt(2) + 2) - 0.0308641975308642*2**(1/4)*nu*sqrt(-sqrt(2) + 2) + 0.0308641975308642*2**(1/4)*nu*sqrt(sqrt(2) + 2) + 0.0617283950617284*2**(3/4)*nu*sqrt(sqrt(2) + 2) - 0.284894059073027*sqrt(2) - 0.0925925925925926*2**(3/4)*sqrt(-sqrt(2) + 2) + 0.0154320987654321*2**(1/4)*sqrt(-sqrt(2) + 2) + 0.0462962962962963*2**(1/4)*sqrt(sqrt(2) + 2) + 0.0617283950617284*2**(3/4)*sqrt(sqrt(2) + 2))/(sqrt(pi)*(nu**2 - 1)),1.0*(-0.0462962962962963*2**(3/4)*nu**2*sqrt(sqrt(2) + 2) + 0.0154320987654321*2**(3/4)*nu**2*sqrt(-sqrt(2) + 2) + 0.0308641975308642*2**(1/4)*nu**2*sqrt(-sqrt(2) + 2) + 0.0244063896490238*sqrt(2)*nu**2 + 0.0308641975308642*2**(1/4)*nu**2*sqrt(sqrt(2) + 2) - 0.0308641975308642*2**(3/4)*nu*sqrt(sqrt(2) + 2) - 0.0308641975308642*2**(3/4)*nu*sqrt(-sqrt(2) + 2) + 5.55111512312578e-17*sqrt(2)*nu + 0.0617283950617284*2**(1/4)*nu*sqrt(sqrt(2) + 2) - 0.0462962962962963*2**(3/4)*sqrt(-sqrt(2) + 2) - 0.0244063896490238*sqrt(2) - 0.0308641975308642*2**(1/4)*sqrt(-sqrt(2) + 2) + 0.0154320987654321*2**(3/4)*sqrt(sqrt(2) + 2) + 0.0308641975308642*2**(1/4)*sqrt(sqrt(2) + 2))/(sqrt(pi)*(nu**2 - 1))
E*(0.0215625*nu - 0.2465625)/(nu**2 - 1),-E*(0.1453125*nu + 0.1453125)/(nu**2 - 1),E*(-0.00843750000000002*nu + 1.2459375)/(nu**2 - 1),0.253125*E/(nu - 1),-E*(0.1603125*nu + 1.6396875)/(nu**2 - 1),E*(-8.67361737988404e-17*nu + 3.12250225675825e-17)/(nu**2 - 1),E*(-0.0403125*nu + 0.8278125)/(nu**2 - 1),-E*(0.1078125*nu + 0.1078125)/(nu**2 - 1),E*(7.97972798949331e-17*nu - 5.20417042793042e-17)/(nu**2 - 1),-E*(0.0703124999999998*nu + 0.0703125)/(nu**2 - 1),E*(-1.11022302462516e-16*nu + 2.77555756156289e-16)/(nu**2 - 1),-E*(0.0703125000000004*nu + 0.0703125)/(nu**2 - 1),E*(0.0403125*nu + 1.5346875)/(nu**2 - 1),E*(0.6046875*nu - 0.1078125)/(nu**2 - 1),E*(0.1603125*nu - 3.7603125)/(nu**2 - 1),2.77555756156289e-17*E/(nu - 1),E*(0.00843750000000002*nu + 2.4665625)/(nu**2 - 1),E*(-0.759375*nu + 0.253125)/(nu**2 - 1),-E*(0.0215625*nu + 0.4284375)/(nu**2 - 1),E*(0.1546875*nu - 0.1453125)/(nu**2 - 1),E*(8.67361737988404e-18*nu - 1.75207071073658e-16)/(nu**2 - 1),0.0703125*E/(nu - 1),-E*(5.20417042793042e-18*nu + 2.25514051876985e-17)/(nu**2 - 1),E*(0.0703124999999999*nu + 0.0703125)/(nu**2 - 1),1.0*(-0.0555555555555556*2**(3/4)*nu**2*sqrt(sqrt(2) + 2) - 0.0416666666666667*2**(1/4)*nu**2*sqrt(-sqrt(2) + 2) - 0.0138888888888889*2**(1/4)*nu**2*sqrt(sqrt(2) + 2) + 0.0277777777777778*2**(3/4)*nu**2*sqrt(-sqrt(2) + 2) + 0.134974411523337*sqrt(2)*nu**2 - 0.166666666666667*2**(3/4)*nu*sqrt(sqrt(2) + 2) - 0.0833333333333333*2**(1/4)*nu*sqrt(sqrt(2) + 2) + 0.0833333333333333*2**(1/4)*nu*sqrt(-sqrt(2) + 2) + 0.166666666666667*2**(3/4)*nu*sqrt(-sqrt(2) + 2) + 0.269948823046673*sqrt(2)*nu - 0.111111111111111*2**(3/4)*sqrt(sqrt(2) + 2) - 0.0694444444444444*2**(1/4)*sqrt(sqrt(2) + 2) + 0.125*2**(1/4)*sqrt(-sqrt(2) + 2) + 0.138888888888889*2**(3/4)*sqrt(-sqrt(2) + 2) + 0.134974411523336*sqrt(2))/(sqrt(pi)*(nu**2 - 1)),(-0.0972222222222222*2**(3/4)*nu**2*sqrt(sqrt(2) + 2) - 0.152777777777778*2**(3/4)*nu**2*sqrt(-sqrt(2) + 2) - 0.0277777777777778*2**(1/4)*nu**2*sqrt(sqrt(2) + 2) + 0.0277777777777778*2**(1/4)*nu**2*sqrt(-sqrt(2) + 2) + 0.504708046839067*sqrt(2)*nu**2 - 0.166666666666667*2**(1/4)*nu*sqrt(sqrt(2) + 2) - 7.80625564189563e-18*sqrt(2)*nu + 0.0833333333333333*2**(3/4)*nu*sqrt(-sqrt(2) + 2) + 0.0833333333333333*2**(3/4)*nu*sqrt(sqrt(2) + 2) - 0.504708046839067*sqrt(2) - 0.138888888888889*2**(1/4)*sqrt(sqrt(2) + 2) - 0.0277777777777778*2**(1/4)*sqrt(-sqrt(2) + 2) + 0.236111111111111*2**(3/4)*sqrt(-sqrt(2) + 2) + 0.180555555555556*2**(3/4)*sqrt(sqrt(2) + 2))/(sqrt(pi)*(nu**2 - 1))
-E*(0.1453125*nu + 0.1453125)/(nu**2 - 1),E*(0.1125*nu - 0.155625)/(nu**2 - 1),0.253125*E/(nu - 1),E*(-0.61875*nu + 0.635625)/(nu**2 - 1),E*(9.0205620750794e-17*nu - 2.77555756156289e-17)/(nu**2 - 1),E*(0.9*nu - 0.579375)/(nu**2 - 1),-E*(0.1078125*nu + 0.1078125)/(nu**2 - 1),E*(-0.39375*nu + 0.474375)/(nu**2 - 1),-0.0703125*E/(nu - 1),-E*(1.38777878078145e-17*nu + 1.45716771982052e-16)/(nu**2 - 1),-E*(0.0703124999999998*nu + 0.0703125000000002)/(nu**2 - 1),E*(-8.32667268468867e-17*nu + 3.05311331771918e-16)/(nu**2 - 1),E*(-0.4640625*nu + 0.2484375)/(nu**2 - 1),E*(-0.7875*nu + 0.706875)/(nu**2 - 1),2.77555756156289e-17*E/(nu - 1),E*(1.8*nu - 2.120625)/(nu**2 - 1),E*(0.759375*nu - 0.253125)/(nu**2 - 1),E*(-1.2375*nu + 1.220625)/(nu**2 - 1),E*(-0.2953125*nu + 0.00468750000000004)/(nu**2 - 1),E*(0.225*nu - 0.181875)/(nu**2 - 1),0.0703125*E/(nu - 1),E*(8.32667268468867e-17*nu - 1.00613961606655e-16)/(nu**2 - 1),0.0703125*E/(nu - 1),E*(1.38777878078145e-17*nu - 3.46944695195361e-18)/(nu**2 - 1),(-0.0277777777777778*2**(3/4)*nu**2*sqrt(sqrt(2) + 2) - 0.0555555555555556*2**(3/4)*nu**2*sqrt(-sqrt(2) + 2) + 0.0416666666666667*2**(1/4)*nu**2*sqrt(-sqrt(2) + 2) + 0.0694444444444444*2**(1/4)*nu**2*sqrt(sqrt(2) + 2) + 0.161962106001094*sqrt(2)*nu**2 - 0.250263003432185*sqrt(2)*nu - 0.0555555555555556*2**(3/4)*nu*sqrt(sqrt(2) + 2) - 0.0277777777777778*2**(1/4)*nu*sqrt(sqrt(2) + 2) + 0.0277777777777778*2**(1/4)*nu*sqrt(-sqrt(2) + 2) + 0.0555555555555556*2**(3/4)*nu*sqrt(-sqrt(2) + 2) - 0.412225109433279*sqrt(2) - 0.0972222222222222*2**(1/4)*sqrt(sqrt(2) + 2) - 0.0277777777777778*2**(3/4)*sqrt(sqrt(2) + 2) - 0.0138888888888889*2**(1/4)*sqrt(-sqrt(2) + 2) + 0.111111111111111*2**(3/4)*sqrt(-sqrt(2) + 2))/(sqrt(pi)*(nu**2 - 1)),(-0.24037696226238*sqrt(2)*nu**2 - 0.0694444444444444*2**(3/4)*nu**2*sqrt(-sqrt(2) + 2) - 0.0555555555555556*2**(1/4)*nu**2*sqrt(-sqrt(2) + 2) + 0.0972222222222222*2**(3/4)*nu**2*sqrt(sqrt(2) + 2) - 0.0555555555555556*2**(1/4)*nu*sqrt(sqrt(2) + 2) - 7.26687485707413e-17*sqrt(2)*nu + 0.0277777777777778*2**(3/4)*nu*sqrt(-sqrt(2) + 2) + 0.0277777777777778*2**(3/4)*nu*sqrt(sqrt(2) + 2) - 0.0694444444444444*2**(3/4)*sqrt(sqrt(2) + 2) - 0.0555555555555556*2**(1/4)*sqrt(sqrt(2) + 2) + 0.0555555555555556*2**(1/4)*sqrt(-sqrt(2) + 2) + 0.0972222222222222*2**(3/4)*sqrt(-sqrt(2) + 2) + 0.24037696226238*sqrt(2))/(sqrt(pi)*(nu**2 - 1))
E*(-0.0403125*nu + 0.8278125)/(nu**2 - 1),E*(0.1078125*nu + 0.1078125)/(nu**2 - 1),-E*(0.1603125*nu + 1.6396875)/(nu**2 - 1),E*(9.71445146547012e-17*nu - 3.12250225675825e-17)/(nu**2 - 1),E*(-0.00843750000000002*nu + 1.2459375)/(nu**2 - 1),-E*(0.253125*nu + 0.253125)/(nu**2 - 1),E*(0.0215625*nu - 0.2465625)/(nu**2 - 1),0.1453125*E/(nu - 1),E*(-2.08166817117217e-17*nu + 1.04083408558608e-17)/(nu**2 - 1),-E*(0.0703124999999999*nu + 0.0703125)/(nu**2 - 1),E*(1.38777878078145e-17*nu - 1.87350135405495e-16)/(nu**2 - 1),-0.0703125*E/(nu - 1),-E*(0.0215625*nu + 0.4284375)/(nu**2 - 1),E*(-0.1546875*nu + 0.1453125)/(nu**2 - 1),E*(0.00843750000000002*nu + 2.4665625)/(nu**2 - 1),E*(0.759375*nu - 0.253125)/(nu**2 - 1),E*(0.1603125*nu - 3.7603125)/(nu**2 - 1),-3.29597460435593e-17*E/(nu - 1),E*(0.0403125*nu + 1.5346875)/(nu**2 - 1),E*(-0.6046875*nu + 0.1078125)/(nu**2 - 1),E*(-9.97465998686664e-17*nu + 2.73218947466347e-16)/(nu**2 - 1),E*(0.0703125000000005*nu + 0.0703125)/(nu**2 - 1),E*(1.17961196366423e-16*nu - 1.07552855510562e-16)/(nu**2 - 1),E*(0.0703124999999999*nu + 0.0703125)/(nu**2 - 1),(-0.097207270945441*sqrt(2)*nu**2 - 0.0555555555555556*2**(3/4)*nu**2*sqrt(-sqrt(2) + 2) + 0.0416666666666667*2**(1/4)*nu**2*sqrt(-sqrt(2) + 2) + 0.0277777777777778*2**(3/4)*nu**2*sqrt(sqrt(2) + 2) + 0.0694444444444444*2**(1/4)*nu**2*sqrt(sqrt(2) + 2) - 0.194414541890882*sqrt(2)*nu - 0.166666666666667*2**(3/4)*nu*sqrt(-sqrt(2) + 2) - 0.0833333333333333*2**(1/4)*nu*sqrt(-sqrt(2) + 2) + 0.0833333333333333*2**(1/4)*nu*sqrt(sqrt(2) + 2) + 0.166666666666667*2**(3/4)*nu*sqrt(sqrt(2) + 2) - 0.111111111111111*2**(3/4)*sqrt(-sqrt(2) + 2) - 0.0972072709454409*sqrt(2) - 0.125*2**(1/4)*sqrt(-sqrt(2) + 2) + 0.0138888888888889*2**(1/4)*sqrt(sqrt(2) + 2) + 0.138888888888889*2**(3/4)*sqrt(sqrt(2) + 2))/(sqrt(pi)*(nu**2 - 1)),1.0*(-0.356246770394745*sqrt(2)*nu**2 - 0.0555555555555556*2**(1/4)*nu**2*sqrt(-sqrt(2) + 2) + 0.0555555555555556*2**(1/4)*nu**2*sqrt(sqrt(2) + 2) + 0.0972222222222222*2**(3/4)*nu**2*sqrt(-sqrt(2) + 2) + 0.152777777777778*2**(3/4)*nu**2*sqrt(sqrt(2) + 2) - 0.0833333333333333*2**(3/4)*nu*sqrt(sqrt(2) + 2) - 0.0833333333333333*2**(3/4)*nu*sqrt(-sqrt(2) + 2) + 4.98732999343332e-18*sqrt(2)*nu + 0.166666666666667*2**(1/4)*nu*sqrt(sqrt(2) + 2) - 0.236111111111111*2**(3/4)*sqrt(sqrt(2) + 2) - 0.180555555555556*2**(3/4)*sqrt(-sqrt(2) + 2) + 0.0555555555555556*2**(1/4)*sqrt(-sqrt(2) + 2) + 0.111111111111111*2**(1/4)*sqrt(sqrt(2) + 2) + 0.356246770394745*sqrt(2))/(sqrt(pi)*(nu**2 - 1))
E*(0.1078125*nu + 0.1078125)/(nu**2 - 1),E*(-0.39375*nu + 0.474375)/(nu**2 - 1),E*(-9.54097911787244e-17*nu + 3.29597460435593e-17)/(nu**2 - 1),E*(0.9*nu - 0.579375)/(nu**2 - 1),-E*(0.253125*nu + 0.253125)/(nu**2 - 1),E*(-0.61875*nu + 0.635625)/(nu**2 - 1),0.1453125*E/(nu - 1),E*(0.1125*nu - 0.155625)/(nu**2 - 1),-0.0703125*E/(nu - 1),E*(5.20417042793042e-18*nu + 3.64291929955129e-17)/(nu**2 - 1),-0.0703125*E/(nu - 1),E*(8.67361737988404e-17*nu - 1.14491749414469e-16)/(nu**2 - 1),E*(0.2953125*nu - 0.00468750000000007)/(nu**2 - 1),E*(0.225*nu - 0.181875)/(nu**2 - 1),E*(-0.759375*nu + 0.253125)/(nu**2 - 1),E*(-1.2375*nu + 1.220625)/(nu**2 - 1),-3.29597460435593e-17*E/(nu - 1),E*(1.8*nu - 2.120625)/(nu**2 - 1),E*(0.4640625*nu - 0.2484375)/(nu**2 - 1),E*(-0.7875*nu + 0.706875)/(nu**2 - 1),E*(0.0703124999999998*nu + 0.0703125000000002)/(nu**2 - 1),E*(-8.67361737988404e-17*nu + 2.86229373536173e-16)/(nu**2 - 1),0.0703125*E/(nu - 1),-E*(5.20417042793042e-18*nu + 2.30718222304915e-16)/(nu**2 - 1),1.0*(-0.0972222222222222*2**(1/4)*nu**2*sqrt(sqrt(2) + 2) - 0.0172277804968164*sqrt(2)*nu**2 + 0.0277777777777778*2**(3/4)*nu**2*sqrt(-sqrt(2) + 2) + 0.0416666666666667*2**(1/4)*nu**2*sqrt(-sqrt(2) + 2) + 0.0555555555555556*2**(3/4)*nu**2*sqrt(sqrt(2) + 2) - 0.0555555555555556*2**(3/4)*nu*sqrt(sqrt(2) + 2) - 0.0968382335413095*sqrt(2)*nu - 0.0277777777777778*2**(1/4)*nu*sqrt(sqrt(2) + 2) + 0.0277777777777778*2**(1/4)*nu*sqrt(-sqrt(2) + 2) + 0.0555555555555556*2**(3/4)*nu*sqrt(-sqrt(2) + 2) - 0.111111111111111*2**(3/4)*sqrt(sqrt(2) + 2) - 0.079610453044493*sqrt(2) - 0.0138888888888889*2**(1/4)*sqrt(-sqrt(2) + 2) + 0.0277777777777778*2**(3/4)*sqrt(-sqrt(2) + 2) + 0.0694444444444444*2**(1/4)*sqrt(sqrt(2) + 2))/(sqrt(pi)*(nu**2 - 1)),1.0*(-0.0694444444444444*2**(3/4)*nu**2*sqrt(sqrt(2) + 2) - 0.0833333333333333*2**(1/4)*nu**2*sqrt(sqrt(2) + 2) + 0.0277777777777778*2**(1/4)*nu**2*sqrt(-sqrt(2) + 2) + 0.0863720161175881*sqrt(2)*nu**2 + 0.0972222222222222*2**(3/4)*nu**2*sqrt(-sqrt(2) + 2) - 0.0555555555555556*2**(1/4)*nu*sqrt(sqrt(2) + 2) + 6.24500451351651e-17*sqrt(2)*nu + 0.0277777777777778*2**(3/4)*nu*sqrt(-sqrt(2) + 2) + 0.0277777777777778*2**(3/4)*nu*sqrt(sqrt(2) + 2) - 0.0863720161175881*sqrt(2) - 0.0694444444444444*2**(3/4)*sqrt(-sqrt(2) + 2) - 0.0277777777777778*2**(1/4)*sqrt(-sqrt(2) + 2) + 0.0277777777777778*2**(1/4)*sqrt(sqrt(2) + 2) + 0.0972222222222222*2**(3/4)*sqrt(sqrt(2) + 2))/(sqrt(pi)*(nu**2 - 1))
E*(0.0780208333333333*nu - 0.5465625)/(nu**2 - 1),E*(-0.065625*nu + 0.021875)/(nu**2 - 1),E*(-0.0403125*nu + 0.8278125)/(nu**2 - 1),-E*(0.1078125*nu + 0.1078125)/(nu**2 - 1),E*(0.0215625*nu - 0.2465625)/(nu**2 - 1),0.1453125*E/(nu - 1),E*(0.0469791666666667*nu - 0.1409375)/(nu**2 - 1),-0.059375*E/(nu - 1),E*(0.1125*nu - 0.155625)/(nu**2 - 1),E*(0.1453125*nu + 0.1453125)/(nu**2 - 1),E*(-0.39375*nu + 0.474375)/(nu**2 - 1),-E*(0.1078125*nu + 0.1078125)/(nu**2 - 1),E*(0.234270833333333*nu - 0.3903125)/(nu**2 - 1),E*(0.065625*nu - 0.021875)/(nu**2 - 1),-E*(0.0215625*nu + 0.4284375)/(nu**2 - 1),E*(-0.2953125*nu + 0.00468750000000004)/(nu**2 - 1),E*(0.0403125*nu + 1.5346875)/(nu**2 - 1),E*(0.4640625*nu - 0.2484375)/(nu**2 - 1),E*(0.484479166666667*nu - 1.4534375)/(nu**2 - 1),0.265625*E/(nu - 1),E*(-0.7875*nu + 0.706875)/(nu**2 - 1),E*(-0.6046875*nu + 0.1078125)/(nu**2 - 1),E*(0.225*nu - 0.181875)/(nu**2 - 1),E*(0.1546875*nu - 0.1453125)/(nu**2 - 1),1.0*(-0.0462962962962963*2**(1/4)*nu**2*sqrt(sqrt(2) + 2) - 0.0154320987654321*2**(1/4)*nu**2*sqrt(-sqrt(2) + 2) + 0.0308641975308642*2**(3/4)*nu**2*sqrt(-sqrt(2) + 2) + 0.0649072587166252*sqrt(2)*nu**2 - 0.0617283950617284*2**(3/4)*nu*sqrt(sqrt(2) + 2) - 0.0308641975308642*2**(1/4)*nu*sqrt(sqrt(2) + 2) + 0.0308641975308642*2**(1/4)*nu*sqrt(-sqrt(2) + 2) + 0.0617283950617284*2**(3/4)*nu*sqrt(-sqrt(2) + 2) + 0.12981451743325*sqrt(2)*nu - 0.0617283950617284*2**(3/4)*sqrt(sqrt(2) + 2) + 0.0154320987654321*2**(1/4)*sqrt(sqrt(2) + 2) + 0.0308641975308642*2**(3/4)*sqrt(-sqrt(2) + 2) + 0.0462962962962963*2**(1/4)*sqrt(-sqrt(2) + 2) + 0.0649072587166252*sqrt(2))/(sqrt(pi)*(nu**2 - 1)),(-0.0771604938271605*2**(3/4)*nu**2*sqrt(sqrt(2) + 2) - 0.0308641975308642*2**(1/4)*nu**2*sqrt(sqrt(2) + 2) - 0.0154320987654321*2**(3/4)*nu**2*sqrt(-sqrt(2) + 2) + 0.0308641975308642*2**(1/4)*nu**2*sqrt(-sqrt(2) + 2) + 0.375765328655429*sqrt(2)*nu**2 - 0.0617283950617284*2**(1/4)*nu*sqrt(sqrt(2) + 2) + 0.0308641975308642*2**(3/4)*nu*sqrt(-sqrt(2) + 2) + 0.0308641975308642*2**(3/4)*nu*sqrt(sqrt(2) + 2) - 0.375765328655429*sqrt(2) - 0.0308641975308642*2**(1/4)*sqrt(sqrt(2) + 2) - 0.0308641975308642*2**(1/4)*sqrt(-sqrt(2) + 2) + 0.0462962962962963*2**(3/4)*sqrt(-sqrt(2) + 2) + 0.108024691358025*2**(3/4)*sqrt(sqrt(2) + 2))/(sqrt(pi)*(nu**2 - 1))
E*(0.065625*nu - 0.021875)/(nu**2 - 1),E*(0.234270833333333*nu - 0.3903125)/(nu**2 - 1),-E*(0.1078125*nu + 0.1078125)/(nu**2 - 1),E*(-0.39375*nu + 0.474375)/(nu**2 - 1),0.1453125*E/(nu - 1),E*(0.1125*nu - 0.155625)/(nu**2 - 1),-0.059375*E/(nu - 1),E*(0.0469791666666667*nu - 0.1409375)/(nu**2 - 1),E*(0.1453125*nu + 0.1453125)/(nu**2 - 1),E*(0.0215625*nu - 0.2465625)/(nu**2 - 1),-E*(0.1078125*nu + 0.1078125)/(nu**2 - 1),E*(-0.0403125*nu + 0.8278125)/(nu**2 - 1),E*(-0.065625*nu + 0.021875)/(nu**2 - 1),E*(0.0780208333333333*nu - 0.5465625)/(nu**2 - 1),E*(0.1546875*nu - 0.1453125)/(nu**2 - 1),E*(0.225*nu - 0.181875)/(nu**2 - 1),E*(-0.6046875*nu + 0.1078125)/(nu**2 - 1),E*(-0.7875*nu + 0.706875)/(nu**2 - 1),0.265625*E/(nu - 1),E*(0.484479166666667*nu - 1.4534375)/(nu**2 - 1),E*(0.4640625*nu - 0.2484375)/(nu**2 - 1),E*(0.0403125*nu + 1.5346875)/(nu**2 - 1),E*(-0.2953125*nu + 0.00468750000000011)/(nu**2 - 1),-E*(0.0215625*nu + 0.4284375)/(nu**2 - 1),(-0.0308641975308642*2**(3/4)*nu**2*sqrt(sqrt(2) + 2) - 0.0462962962962963*2**(1/4)*nu**2*sqrt(-sqrt(2) + 2) + 0.0462962962962963*2**(1/4)*nu**2*sqrt(sqrt(2) + 2) + 0.0977499618154572*sqrt(2)*nu**2 - 0.189037919462177*sqrt(2)*nu - 0.0617283950617284*2**(3/4)*nu*sqrt(-sqrt(2) + 2) - 0.0308641975308642*2**(1/4)*nu*sqrt(-sqrt(2) + 2) + 0.0308641975308642*2**(1/4)*nu*sqrt(sqrt(2) + 2) + 0.0617283950617284*2**(3/4)*nu*sqrt(sqrt(2) + 2) - 0.286787881277634*sqrt(2) - 0.0617283950617284*2**(3/4)*sqrt(-sqrt(2) + 2) - 0.0154320987654321*2**(1/4)*sqrt(sqrt(2) + 2) + 0.0154320987654321*2**(1/4)*sqrt(-sqrt(2) + 2) + 0.0925925925925926*2**(3/4)*sqrt(sqrt(2) + 2))/(sqrt(pi)*(nu**2 - 1)),(-0.151157825670674*sqrt(2)*nu**2 - 0.0462962962962963*2**(3/4)*nu**2*sqrt(-sqrt(2) + 2) + 0.0154320987654321*2**(3/4)*nu**2*sqrt(sqrt(2) + 2) + 0.0617283950617284*2**(1/4)*nu**2*sqrt(sqrt(2) + 2) - 0.0308641975308642*2**(3/4)*nu*sqrt(sqrt(2) + 2) - 0.0308641975308642*2**(3/4)*nu*sqrt(-sqrt(2) + 2) + 9.71445146547012e-17*sqrt(2)*nu + 0.0617283950617284*2**(1/4)*nu*sqrt(sqrt(2) + 2) - 0.0462962962962963*2**(3/4)*sqrt(sqrt(2) + 2) + 0.0154320987654321*2**(3/4)*sqrt(-sqrt(2) + 2) + 0.151157825670674*sqrt(2))/(sqrt(pi)*(nu**2 - 1))
E*(0.225*nu - 0.181875)/(nu**2 - 1),E*(0.2953125*nu - 0.00468750000000008)/(nu**2 - 1),E*(9.97465998686664e-17*nu - 8.93382590128056e-17)/(nu**2 - 1),-0.0703125*E/(nu - 1),E*(-8.67361737988404e-18*nu + 1.21430643318376e-17)/(nu**2 - 1),-0.0703125*E/(nu - 1),E*(0.1125*nu - 0.155625)/(nu**2 - 1),0.1453125*E/(nu - 1),E*(-0.61875*nu + 0.635625)/(nu**2 - 1),-0.253125*E/(nu - 1),E*(0.9*nu - 0.579375)/(nu**2 - 1),E*(-7.45931094670027e-17*nu + 4.68375338513738e-17)/(nu**2 - 1),E*(-0.39375*nu + 0.474375)/(nu**2 - 1),E*(0.1078125*nu + 0.1078125)/(nu**2 - 1),E*(8.67361737988404e-18*nu - 1.75207071073658e-16)/(nu**2 - 1),0.0703125*E/(nu - 1),E*(-9.97465998686664e-17*nu + 2.73218947466347e-16)/(nu**2 - 1),E*(0.0703124999999998*nu + 0.0703125000000002)/(nu**2 - 1),E*(-0.7875*nu + 0.706875)/(nu**2 - 1),E*(0.4640625*nu - 0.2484375)/(nu**2 - 1),E*(1.8*nu - 2.120625)/(nu**2 - 1),-4.68375338513738e-17*E/(nu - 1),E*(-1.2375*nu + 1.220625)/(nu**2 - 1),E*(-0.759375*nu + 0.253125)/(nu**2 - 1),(-0.0277777777777778*2**(3/4)*nu**2*sqrt(sqrt(2) + 2) - 0.0555555555555556*2**(3/4)*nu**2*sqrt(-sqrt(2) + 2) + 0.0138888888888889*2**(1/4)*nu**2*sqrt(-sqrt(2) + 2) + 0.0856726523671996*sqrt(2)*nu**2 + 0.0972222222222222*2**(1/4)*nu**2*sqrt(sqrt(2) + 2) - 0.0555555555555556*2**(3/4)*nu*sqrt(-sqrt(2) + 2) - 0.0277777777777778*2**(1/4)*nu*sqrt(-sqrt(2) + 2) + 0.0277777777777778*2**(1/4)*nu*sqrt(sqrt(2) + 2) + 0.0555555555555556*2**(3/4)*nu*sqrt(sqrt(2) + 2) + 0.171345304734399*sqrt(2)*nu - 0.0694444444444444*2**(1/4)*sqrt(sqrt(2) + 2) - 0.0416666666666667*2**(1/4)*sqrt(-sqrt(2) + 2) + 0.0856726523671997*sqrt(2) + 0.0833333333333333*2**(3/4)*sqrt(sqrt(2) + 2))/(sqrt(pi)*(nu**2 - 1)),(-0.0416666666666667*2**(3/4)*nu**2*sqrt(-sqrt(2) + 2) - 0.0555555555555556*2**(1/4)*nu**2*sqrt(-sqrt(2) + 2) + 0.0799791399961332*sqrt(2)*nu**2 + 0.0555555555555556*2**(1/4)*nu**2*sqrt(sqrt(2) + 2) + 0.125*2**(3/4)*nu**2*sqrt(sqrt(2) + 2) - 0.0277777777777778*2**(3/4)*nu*sqrt(sqrt(2) + 2) - 0.0277777777777778*2**(3/4)*nu*sqrt(-sqrt(2) + 2) + 4.7941942364718e-18*sqrt(2)*nu + 0.0555555555555556*2**(1/4)*nu*sqrt(sqrt(2) + 2) - 0.152777777777778*2**(3/4)*sqrt(sqrt(2) + 2) - 0.0799791399961332*sqrt(2) + 0.0138888888888889*2**(3/4)*sqrt(-sqrt(2) + 2) + 0.0555555555555556*2**(1/4)*sqrt(-sqrt(2) + 2))/(sqrt(pi)*(nu**2 - 1))
E*(-0.1546875*nu + 0.1453125)/(nu**2 - 1),-E*(0.0215625*nu + 0.4284375)/(nu**2 - 1),-E*(0.0703124999999999*nu + 0.0703125)/(nu**2 - 1),-E*(5.20417042793042e-18*nu + 1.94289029309402e-16)/(nu**2 - 1),-0.0703125*E/(nu - 1),E*(-1.73472347597681e-18*nu + 1.90819582357449e-17)/(nu**2 - 1),0.1453125*E/(nu - 1),E*(0.0215625*nu - 0.2465625)/(nu**2 - 1),-0.253125*E/(nu - 1),E*(-0.00843750000000002*nu + 1.2459375)/(nu**2 - 1),E*(1.07552855510562e-16*nu - 1.38777878078145e-17)/(nu**2 - 1),-E*(0.1603125*nu + 1.6396875)/(nu**2 - 1),E*(0.1078125*nu + 0.1078125)/(nu**2 - 1),E*(-0.0403125*nu + 0.8278125)/(nu**2 - 1),0.0703125*E/(nu - 1),E*(8.32667268468867e-17*nu - 1.00613961606655e-16)/(nu**2 - 1),E*(0.0703125000000005*nu + 0.0703125)/(nu**2 - 1),E*(-8.67361737988404e-17*nu + 2.86229373536173e-16)/(nu**2 - 1),E*(-0.6046875*nu + 0.1078125)/(nu**2 - 1),E*(0.0403125*nu + 1.5346875)/(nu**2 - 1),-4.68375338513738e-17*E/(nu - 1),E*(0.1603125*nu - 3.7603125)/(nu**2 - 1),E*(0.759375*nu - 0.253125)/(nu**2 - 1),E*(0.00843750000000002*nu + 2.4665625)/(nu**2 - 1),(-0.118051941783619*sqrt(2)*nu**2 - 0.0694444444444444*2**(1/4)*nu**2*sqrt(sqrt(2) + 2) - 0.0277777777777778*2**(3/4)*nu**2*sqrt(-sqrt(2) + 2) + 0.125*2**(1/4)*nu**2*sqrt(-sqrt(2) + 2) + 0.0555555555555556*2**(3/4)*nu**2*sqrt(sqrt(2) + 2) - 0.166666666666667*2**(3/4)*nu*sqrt(sqrt(2) + 2) - 0.0833333333333333*2**(1/4)*nu*sqrt(sqrt(2) + 2) + 0.0833333333333333*2**(1/4)*nu*sqrt(-sqrt(2) + 2) + 0.166666666666667*2**(3/4)*nu*sqrt(-sqrt(2) + 2) + 0.203920256846056*sqrt(2)*nu - 0.222222222222222*2**(3/4)*sqrt(sqrt(2) + 2) - 0.0416666666666667*2**(1/4)*sqrt(-sqrt(2) + 2) - 0.0138888888888889*2**(1/4)*sqrt(sqrt(2) + 2) + 0.194444444444444*2**(3/4)*sqrt(-sqrt(2) + 2) + 0.321972198629675*sqrt(2))/(sqrt(pi)*(nu**2 - 1)),1.0*(-0.138888888888889*2**(1/4)*nu**2*sqrt(sqrt(2) + 2) - 0.0277777777777778*2**(1/4)*nu**2*sqrt(-sqrt(2) + 2) + 0.0154939821173309*sqrt(2)*nu**2 + 0.0138888888888889*2**(3/4)*nu**2*sqrt(sqrt(2) + 2) + 0.0694444444444444*2**(3/4)*nu**2*sqrt(-sqrt(2) + 2) - 0.166666666666667*2**(1/4)*nu*sqrt(sqrt(2) + 2) + 1.38777878078145e-16*sqrt(2)*nu + 0.0833333333333333*2**(3/4)*nu*sqrt(-sqrt(2) + 2) + 0.0833333333333333*2**(3/4)*nu*sqrt(sqrt(2) + 2) - 0.0277777777777778*2**(1/4)*sqrt(sqrt(2) + 2) - 0.0154939821173309*sqrt(2) + 0.0138888888888889*2**(3/4)*sqrt(-sqrt(2) + 2) + 0.0277777777777778*2**(1/4)*sqrt(-sqrt(2) + 2) + 0.0694444444444444*2**(3/4)*sqrt(sqrt(2) + 2))/(sqrt(pi)*(nu**2 - 1))
E*(-0.7875*nu + 0.706875)/(nu**2 - 1),E*(-0.4640625*nu + 0.2484375)/(nu**2 - 1),E*(-1.17961196366423e-16*nu + 2.91433543964104e-16)/(nu**2 - 1),-E*(0.0703124999999998*nu + 0.0703125000000002)/(nu**2 - 1),E*(5.20417042793042e-18*nu - 1.92554305833426e-16)/(nu**2 - 1),-0.0703125*E/(nu - 1),E*(-0.39375*nu + 0.474375)/(nu**2 - 1),-E*(0.1078125*nu + 0.1078125)/(nu**2 - 1),E*(0.9*nu - 0.579375)/(nu**2 - 1),E*(3.98986399474666e-17*nu - 2.25514051876985e-17)/(nu**2 - 1),E*(-0.61875*nu + 0.635625)/(nu**2 - 1),E*(0.253125*nu + 0.253125)/(nu**2 - 1),E*(0.1125*nu - 0.155625)/(nu**2 - 1),-E*(0.1453125*nu + 0.1453125)/(nu**2 - 1),-E*(5.20417042793042e-18*nu + 2.25514051876985e-17)/(nu**2 - 1),0.0703125*E/(nu - 1),E*(1.17961196366423e-16*nu - 1.07552855510562e-16)/(nu**2 - 1),0.0703125*E/(nu - 1),E*(0.225*nu - 0.181875)/(nu**2 - 1),E*(-0.2953125*nu + 0.00468750000000011)/(nu**2 - 1),E*(-1.2375*nu + 1.220625)/(nu**2 - 1),E*(0.759375*nu - 0.253125)/(nu**2 - 1),E*(1.8*nu - 2.120625)/(nu**2 - 1),2.25514051876985e-17*E/(nu - 1),1.0*(-0.0694444444444444*2**(1/4)*nu**2*sqrt(sqrt(2) + 2) + 0.0138888888888889*2**(1/4)*nu**2*sqrt(-sqrt(2) + 2) + 0.0277777777777778*2**(3/4)*nu**2*sqrt(-sqrt(2) + 2) + 0.100108724559016*sqrt(2)*nu**2 + 0.0555555555555556*2**(3/4)*nu**2*sqrt(sqrt(2) + 2) - 0.0555555555555556*2**(3/4)*nu*sqrt(-sqrt(2) + 2) - 0.0277777777777778*2**(1/4)*nu*sqrt(-sqrt(2) + 2) + 0.0277777777777778*2**(1/4)*nu*sqrt(sqrt(2) + 2) + 0.0555555555555556*2**(3/4)*nu*sqrt(sqrt(2) + 2) + 0.200217449118033*sqrt(2)*nu - 0.0833333333333333*2**(3/4)*sqrt(-sqrt(2) + 2) - 0.0416666666666667*2**(1/4)*sqrt(-sqrt(2) + 2) + 0.100108724559016*sqrt(2) + 0.0972222222222222*2**(1/4)*sqrt(sqrt(2) + 2))/(sqrt(pi)*(nu**2 - 1)),1.0*(-0.0416666666666667*2**(3/4)*nu**2*sqrt(sqrt(2) + 2) - 0.0277777777777778*2**(1/4)*nu**2*sqrt(sqrt(2) + 2) + 0.0277777777777778*2**(1/4)*nu**2*sqrt(-sqrt(2) + 2) + 0.125*2**(3/4)*nu**2*sqrt(-sqrt(2) + 2) + 0.543792966693174*sqrt(2)*nu**2 - 0.0277777777777778*2**(3/4)*nu*sqrt(sqrt(2) + 2) - 0.0277777777777778*2**(3/4)*nu*sqrt(-sqrt(2) + 2) - 7.60340479147475e-17*sqrt(2)*nu + 0.0555555555555556*2**(1/4)*nu*sqrt(sqrt(2) + 2) - 0.543792966693174*sqrt(2) - 0.152777777777778*2**(3/4)*sqrt(-sqrt(2) + 2) - 0.0277777777777778*2**(1/4)*sqrt(-sqrt(2) + 2) + 0.0138888888888889*2**(3/4)*sqrt(sqrt(2) + 2) + 0.0833333333333333*2**(1/4)*sqrt(sqrt(2) + 2))/(sqrt(pi)*(nu**2 - 1))
E*(0.6046875*nu - 0.1078125)/(nu**2 - 1),E*(0.0403125*nu + 1.5346875)/(nu**2 - 1),-E*(0.0703125000000004*nu + 0.0703125)/(nu**2 - 1),E*(-8.67361737988404e-17*nu + 3.22658566531686e-16)/(nu**2 - 1),-0.0703125*E/(nu - 1),E*(9.36750677027476e-17*nu - 1.04083408558608e-16)/(nu**2 - 1),-E*(0.1078125*nu + 0.1078125)/(nu**2 - 1),E*(-0.0403125*nu + 0.8278125)/(nu**2 - 1),E*(-5.3776427755281e-17*nu + 8.67361737988404e-18)/(nu**2 - 1),-E*(0.1603125*nu + 1.6396875)/(nu**2 - 1),E*(0.253125*nu + 0.253125)/(nu**2 - 1),E*(-0.00843750000000002*nu + 1.2459375)/(nu**2 - 1),-E*(0.1453125*nu + 0.1453125)/(nu**2 - 1),E*(0.0215625*nu - 0.2465625)/(nu**2 - 1),E*(0.0703124999999999*nu + 0.0703125)/(nu**2 - 1),E*(1.38777878078145e-17*nu - 3.46944695195361e-18)/(nu**2 - 1),E*(0.0703124999999999*nu + 0.0703125)/(nu**2 - 1),-E*(5.20417042793042e-18*nu + 2.30718222304915e-16)/(nu**2 - 1),E*(0.1546875*nu - 0.1453125)/(nu**2 - 1),-E*(0.0215625*nu + 0.4284375)/(nu**2 - 1),E*(-0.759375*nu + 0.253125)/(nu**2 - 1),E*(0.00843750000000002*nu + 2.4665625)/(nu**2 - 1),2.25514051876985e-17*E/(nu - 1),E*(0.1603125*nu - 3.7603125)/(nu**2 - 1),1.0*(-0.125*2**(1/4)*nu**2*sqrt(-sqrt(2) + 2) - 0.0277777777777778*2**(3/4)*nu**2*sqrt(sqrt(2) + 2) - 0.00266468174670086*sqrt(2)*nu**2 + 0.0138888888888889*2**(1/4)*nu**2*sqrt(sqrt(2) + 2) + 0.0555555555555556*2**(3/4)*nu**2*sqrt(-sqrt(2) + 2) - 0.166666666666667*2**(3/4)*nu*sqrt(-sqrt(2) + 2) - 0.0718668288231094*sqrt(2)*nu - 0.0833333333333333*2**(1/4)*nu*sqrt(-sqrt(2) + 2) + 0.0833333333333333*2**(1/4)*nu*sqrt(sqrt(2) + 2) + 0.166666666666667*2**(3/4)*nu*sqrt(sqrt(2) + 2) - 0.222222222222222*2**(3/4)*sqrt(-sqrt(2) + 2) - 0.0692021470764084*sqrt(2) + 0.0416666666666667*2**(1/4)*sqrt(-sqrt(2) + 2) + 0.0694444444444444*2**(1/4)*sqrt(sqrt(2) + 2) + 0.194444444444444*2**(3/4)*sqrt(sqrt(2) + 2))/(sqrt(pi)*(nu**2 - 1)),(-0.0694444444444444*2**(3/4)*nu**2*sqrt(sqrt(2) + 2) - 0.104384993888029*sqrt(2)*nu**2 - 0.0138888888888889*2**(3/4)*nu**2*sqrt(-sqrt(2) + 2) + 0.0555555555555556*2**(1/4)*nu**2*sqrt(-sqrt(2) + 2) + 0.111111111111111*2**(1/4)*nu**2*sqrt(sqrt(2) + 2) - 0.0833333333333333*2**(3/4)*nu*sqrt(sqrt(2) + 2) - 0.0833333333333333*2**(3/4)*nu*sqrt(-sqrt(2) + 2) - 2.22044604925031e-16*sqrt(2)*nu + 0.166666666666667*2**(1/4)*nu*sqrt(sqrt(2) + 2) - 0.0694444444444444*2**(3/4)*sqrt(-sqrt(2) + 2) - 0.0555555555555556*2**(1/4)*sqrt(-sqrt(2) + 2) - 0.0138888888888889*2**(3/4)*sqrt(sqrt(2) + 2) + 0.0555555555555556*2**(1/4)*sqrt(sqrt(2) + 2) + 0.104384993888029*sqrt(2))/(sqrt(pi)*(nu**2 - 1))
(-0.0308641975308642*2**(3/4)*nu**2*sqrt(sqrt(2) + 2) - 0.0154320987654321*2**(1/4)*nu**2*sqrt(-sqrt(2) + 2) + 0.0168196704470833*sqrt(2)*nu**2 + 0.0154320987654321*2**(1/4)*nu**2*sqrt(sqrt(2) + 2) - 0.0617283950617284*2**(3/4)*nu*sqrt(sqrt(2) + 2) - 0.0308641975308642*2**(1/4)*nu*sqrt(sqrt(2) + 2) + 0.0308641975308642*2**(1/4)*nu*sqrt(-sqrt(2) + 2) + 0.0336393408941666*sqrt(2)*nu + 0.0617283950617284*2**(3/4)*nu*sqrt(-sqrt(2) + 2) - 0.0462962962962963*2**(1/4)*sqrt(sqrt(2) + 2) - 0.0308641975308642*2**(3/4)*sqrt(sqrt(2) + 2) + 0.0168196704470834*sqrt(2) + 0.0462962962962963*2**(1/4)*sqrt(-sqrt(2) + 2) + 0.0617283950617284*2**(3/4)*sqrt(-sqrt(2) + 2))/(sqrt(pi)*(nu**2 - 1)),(-0.0308641975308642*2**(3/4)*nu**2*sqrt(-sqrt(2) + 2) + 0.0229666617148631*sqrt(2)*nu**2 + 0.0154320987654321*2**(1/4)*nu**2*sqrt(sqrt(2) + 2) + 0.0462962962962963*2**(1/4)*nu**2*sqrt(-sqrt(2) + 2) - 0.0617283950617284*2**(3/4)*nu*sqrt(sqrt(2) + 2) - 0.0308641975308642*2**(1/4)*nu*sqrt(sqrt(2) + 2) + 0.0308641975308642*2**(1/4)*nu*sqrt(-sqrt(2) + 2) + 0.0617283950617284*2**(3/4)*nu*sqrt(-sqrt(2) + 2) + 0.0569844914392304*sqrt(2)*nu - 0.0617283950617284*2**(3/4)*sqrt(sqrt(2) + 2) - 0.0462962962962963*2**(1/4)*sqrt(sqrt(2) + 2) - 0.0154320987654321*2**(1/4)*sqrt(-sqrt(2) + 2) + 0.0340178297243673*sqrt(2) + 0.0925925925925926*2**(3/4)*sqrt(-sqrt(2) + 2))/(sqrt(pi)*(nu**2 - 1)),(-0.115474086564708*sqrt(2)*nu**2 - 0.0277777777777778*2**(3/4)*nu**2*sqrt(-sqrt(2) + 2) + 0.0138888888888889*2**(1/4)*nu**2*sqrt(sqrt(2) + 2) + 0.0416666666666667*2**(1/4)*nu**2*sqrt(-sqrt(2) + 2) + 0.0555555555555556*2**(3/4)*nu**2*sqrt(sqrt(2) + 2) - 0.230948173129416*sqrt(2)*nu - 0.166666666666667*2**(3/4)*nu*sqrt(-sqrt(2) + 2) - 0.0833333333333333*2**(1/4)*nu*sqrt(-sqrt(2) + 2) + 0.0833333333333333*2**(1/4)*nu*sqrt(sqrt(2) + 2) + 0.166666666666667*2**(3/4)*nu*sqrt(sqrt(2) + 2) - 0.138888888888889*2**(3/4)*sqrt(-sqrt(2) + 2) - 0.115474086564708*sqrt(2) - 0.125*2**(1/4)*sqrt(-sqrt(2) + 2) + 0.0694444444444444*2**(1/4)*sqrt(sqrt(2) + 2) + 0.111111111111111*2**(3/4)*sqrt(sqrt(2) + 2))/(sqrt(pi)*(nu**2 - 1)),1.0*(-0.0694444444444444*2**(1/4)*nu**2*sqrt(sqrt(2) + 2) - 0.0416666666666667*2**(1/4)*nu**2*sqrt(-sqrt(2) + 2) + 0.0172277804968165*sqrt(2)*nu**2 + 0.0555555555555556*2**(3/4)*nu**2*sqrt(-sqrt(2) + 2) + 0.0277777777777778*2**(3/4)*nu**2*sqrt(sqrt(2) + 2) - 0.0555555555555556*2**(3/4)*nu*sqrt(-sqrt(2) + 2) - 0.0277777777777778*2**(1/4)*nu*sqrt(-sqrt(2) + 2) + 0.0277777777777778*2**(1/4)*nu*sqrt(sqrt(2) + 2) + 0.0968382335413095*sqrt(2)*nu + 0.0555555555555556*2**(3/4)*nu*sqrt(sqrt(2) + 2) - 0.111111111111111*2**(3/4)*sqrt(-sqrt(2) + 2) + 0.0138888888888889*2**(1/4)*sqrt(-sqrt(2) + 2) + 0.0277777777777778*2**(3/4)*sqrt(sqrt(2) + 2) + 0.079610453044493*sqrt(2) + 0.0972222222222222*2**(1/4)*sqrt(sqrt(2) + 2))/(sqrt(pi)*(nu**2 - 1)),1.0*(-0.0694444444444444*2**(1/4)*nu**2*sqrt(sqrt(2) + 2) - 0.0277777777777778*2**(3/4)*nu**2*sqrt(sqrt(2) + 2) - 0.0416666666666667*2**(1/4)*nu**2*sqrt(-sqrt(2) + 2) + 0.0555555555555556*2**(3/4)*nu**2*sqrt(-sqrt(2) + 2) + 0.333414895804939*sqrt(2)*nu**2 - 0.166666666666667*2**(3/4)*nu*sqrt(sqrt(2) + 2) - 0.0833333333333333*2**(1/4)*nu*sqrt(sqrt(2) + 2) + 0.0833333333333333*2**(1/4)*nu*sqrt(-sqrt(2) + 2) + 0.166666666666667*2**(3/4)*nu*sqrt(-sqrt(2) + 2) + 0.666829791609878*sqrt(2)*nu - 0.138888888888889*2**(3/4)*sqrt(sqrt(2) + 2) - 0.0138888888888889*2**(1/4)*sqrt(sqrt(2) + 2) + 0.125*2**(1/4)*sqrt(-sqrt(2) + 2) + 0.111111111111111*2**(3/4)*sqrt(-sqrt(2) + 2) + 0.333414895804939*sqrt(2))/(sqrt(pi)*(nu**2 - 1)),(-0.161962106001094*sqrt(2)*nu**2 - 0.0555555555555556*2**(3/4)*nu**2*sqrt(sqrt(2) + 2) - 0.0416666666666667*2**(1/4)*nu**2*sqrt(-sqrt(2) + 2) - 0.0277777777777778*2**(3/4)*nu**2*sqrt(-sqrt(2) + 2) + 0.0972222222222222*2**(1/4)*nu**2*sqrt(sqrt(2) + 2) - 0.0555555555555556*2**(3/4)*nu*sqrt(-sqrt(2) + 2) - 0.0277777777777778*2**(1/4)*nu*sqrt(-sqrt(2) + 2) + 0.0277777777777778*2**(1/4)*nu*sqrt(sqrt(2) + 2) + 0.0555555555555556*2**(3/4)*nu*sqrt(sqrt(2) + 2) + 0.250263003432185*sqrt(2)*nu - 0.0694444444444444*2**(1/4)*sqrt(sqrt(2) + 2) - 0.0277777777777778*2**(3/4)*sqrt(-sqrt(2) + 2) + 0.0138888888888889*2**(1/4)*sqrt(-sqrt(2) + 2) + 0.111111111111111*2**(3/4)*sqrt(sqrt(2) + 2) + 0.412225109433279*sqrt(2))/(sqrt(pi)*(nu**2 - 1)),(-0.234760479687314*sqrt(2)*nu**2 - 0.0308641975308642*2**(3/4)*nu**2*sqrt(-sqrt(2) + 2) + 0.0154320987654321*2**(1/4)*nu**2*sqrt(-sqrt(2) + 2) + 0.0462962962962963*2**(1/4)*nu**2*sqrt(sqrt(2) + 2) - 0.469520959374628*sqrt(2)*nu - 0.0617283950617284*2**(3/4)*nu*sqrt(-sqrt(2) + 2) - 0.0308641975308642*2**(1/4)*nu*sqrt(-sqrt(2) + 2) + 0.0308641975308642*2**(1/4)*nu*sqrt(sqrt(2) + 2) + 0.0617283950617284*2**(3/4)*nu*sqrt(sqrt(2) + 2) - 0.234760479687314*sqrt(2) - 0.0462962962962963*2**(1/4)*sqrt(-sqrt(2) + 2) - 0.0308641975308642*2**(3/4)*sqrt(-sqrt(2) + 2) - 0.0154320987654321*2**(1/4)*sqrt(sqrt(2) + 2) + 0.0617283950617284*2**(3/4)*sqrt(sqrt(2) + 2))/(sqrt(pi)*(nu**2 - 1)),1.0*(-0.0462962962962963*2**(1/4)*nu**2*sqrt(sqrt(2) + 2) - 0.00838534911709211*sqrt(2)*nu**2 + 0.0462962962962963*2**(1/4)*nu**2*sqrt(-sqrt(2) + 2) + 0.0308641975308642*2**(3/4)*nu**2*sqrt(sqrt(2) + 2) - 0.0617283950617284*2**(3/4)*nu*sqrt(sqrt(2) + 2) - 0.0308641975308642*2**(1/4)*nu*sqrt(sqrt(2) + 2) + 0.0308641975308642*2**(1/4)*nu*sqrt(-sqrt(2) + 2) + 0.0617283950617284*2**(3/4)*nu*sqrt(-sqrt(2) + 2) + 0.361374523587828*sqrt(2)*nu - 0.0925925925925926*2**(3/4)*sqrt(sqrt(2) + 2) - 0.0154320987654321*2**(1/4)*sqrt(-sqrt(2) + 2) + 0.0154320987654321*2**(1/4)*sqrt(sqrt(2) + 2) + 0.0617283950617284*2**(3/4)*sqrt(-sqrt(2) + 2) + 0.36975987270492*sqrt(2))/(sqrt(pi)*(nu**2 - 1)),1.0*(-0.0972222222222222*2**(1/4)*nu**2*sqrt(sqrt(2) + 2) - 0.100108724559016*sqrt(2)*nu**2 - 0.0138888888888889*2**(1/4)*nu**2*sqrt(-sqrt(2) + 2) + 0.0555555555555556*2**(3/4)*nu**2*sqrt(-sqrt(2) + 2) + 0.0277777777777778*2**(3/4)*nu**2*sqrt(sqrt(2) + 2) - 0.200217449118032*sqrt(2)*nu - 0.0555555555555556*2**(3/4)*nu*sqrt(sqrt(2) + 2) - 0.0277777777777778*2**(1/4)*nu*sqrt(sqrt(2) + 2) + 0.0277777777777778*2**(1/4)*nu*sqrt(-sqrt(2) + 2) + 0.0555555555555556*2**(3/4)*nu*sqrt(-sqrt(2) + 2) - 0.0833333333333333*2**(3/4)*sqrt(sqrt(2) + 2) - 0.100108724559016*sqrt(2) + 0.0416666666666667*2**(1/4)*sqrt(-sqrt(2) + 2) + 0.0694444444444444*2**(1/4)*sqrt(sqrt(2) + 2))/(sqrt(pi)*(nu**2 - 1)),1.0*(-0.0555555555555556*2**(3/4)*nu**2*sqrt(sqrt(2) + 2) - 0.104907038386548*sqrt(2)*nu**2 - 0.125*2**(1/4)*nu**2*sqrt(-sqrt(2) + 2) + 0.0277777777777778*2**(3/4)*nu**2*sqrt(-sqrt(2) + 2) + 0.0694444444444444*2**(1/4)*nu**2*sqrt(sqrt(2) + 2) - 0.437170424744272*sqrt(2)*nu - 0.166666666666667*2**(3/4)*nu*sqrt(-sqrt(2) + 2) - 0.0833333333333333*2**(1/4)*nu*sqrt(-sqrt(2) + 2) + 0.0833333333333333*2**(1/4)*nu*sqrt(sqrt(2) + 2) + 0.166666666666667*2**(3/4)*nu*sqrt(sqrt(2) + 2) - 0.332263386357724*sqrt(2) - 0.194444444444444*2**(3/4)*sqrt(-sqrt(2) + 2) + 0.0138888888888889*2**(1/4)*sqrt(sqrt(2) + 2) + 0.0416666666666667*2**(1/4)*sqrt(-sqrt(2) + 2) + 0.222222222222222*2**(3/4)*sqrt(sqrt(2) + 2))/(sqrt(pi)*(nu**2 - 1)),(-0.0555555555555556*2**(3/4)*nu**2*sqrt(sqrt(2) + 2) - 0.0856726523671995*sqrt(2)*nu**2 - 0.0277777777777778*2**(3/4)*nu**2*sqrt(-sqrt(2) + 2) - 0.0138888888888889*2**(1/4)*nu**2*sqrt(-sqrt(2) + 2) + 0.0694444444444444*2**(1/4)*nu**2*sqrt(sqrt(2) + 2) - 0.171345304734399*sqrt(2)*nu - 0.0555555555555556*2**(3/4)*nu*sqrt(sqrt(2) + 2) - 0.0277777777777778*2**(1/4)*nu*sqrt(sqrt(2) + 2) + 0.0277777777777778*2**(1/4)*nu*sqrt(-sqrt(2) + 2) + 0.0555555555555556*2**(3/4)*nu*sqrt(-sqrt(2) + 2) - 0.0972222222222222*2**(1/4)*sqrt(sqrt(2) + 2) - 0.0856726523671996*sqrt(2) + 0.0416666666666667*2**(1/4)*sqrt(-sqrt(2) + 2) + 0.0833333333333333*2**(3/4)*sqrt(-sqrt(2) + 2))/(sqrt(pi)*(nu**2 - 1)),(-0.0555555555555556*2**(3/4)*nu**2*sqrt(-sqrt(2) + 2) - 0.0385210572832826*sqrt(2)*nu**2 - 0.0138888888888889*2**(1/4)*nu**2*sqrt(sqrt(2) + 2) + 0.0277777777777778*2**(3/4)*nu**2*sqrt(sqrt(2) + 2) + 0.125*2**(1/4)*nu**2*sqrt(-sqrt(2) + 2) - 0.166666666666667*2**(3/4)*nu*sqrt(sqrt(2) + 2) - 0.0833333333333333*2**(1/4)*nu*sqrt(sqrt(2) + 2) + 0.0833333333333333*2**(1/4)*nu*sqrt(-sqrt(2) + 2) + 0.166666666666667*2**(3/4)*nu*sqrt(-sqrt(2) + 2) + 0.208876515442548*sqrt(2)*nu - 0.194444444444444*2**(3/4)*sqrt(sqrt(2) + 2) - 0.0694444444444444*2**(1/4)*sqrt(sqrt(2) + 2) - 0.0416666666666667*2**(1/4)*sqrt(-sqrt(2) + 2) + 0.222222222222222*2**(3/4)*sqrt(-sqrt(2) + 2) + 0.247397572725831*sqrt(2))/(sqrt(pi)*(nu**2 - 1)),1.0*(-0.102674399294521*sqrt(2)*nu**2 - 0.0154320987654321*2**(1/4)*nu**2*sqrt(sqrt(2) + 2) + 0.0154320987654321*2**(1/4)*nu**2*sqrt(-sqrt(2) + 2) + 0.0308641975308642*2**(3/4)*nu**2*sqrt(sqrt(2) + 2) - 0.205348798589041*sqrt(2)*nu - 0.0617283950617284*2**(3/4)*nu*sqrt(-sqrt(2) + 2) - 0.0308641975308642*2**(1/4)*nu*sqrt(-sqrt(2) + 2) + 0.0308641975308642*2**(1/4)*nu*sqrt(sqrt(2) + 2) + 0.0617283950617284*2**(3/4)*nu*sqrt(sqrt(2) + 2) - 0.102674399294521*sqrt(2) - 0.0617283950617284*2**(3/4)*sqrt(-sqrt(2) + 2) - 0.0462962962962963*2**(1/4)*sqrt(-sqrt(2) + 2) + 0.0308641975308642*2**(3/4)*sqrt(sqrt(2) + 2) + 0.0462962962962963*2**(1/4)*sqrt(sqrt(2) + 2))/(sqrt(pi)*(nu**2 - 1)),1.0*(-0.0462962962962963*2**(1/4)*nu**2*sqrt(-sqrt(2) + 2) - 0.0154320987654321*2**(1/4)*nu**2*sqrt(sqrt(2) + 2) + 0.0308641975308642*2**(3/4)*nu**2*sqrt(-sqrt(2) + 2) + 0.151813444786923*sqrt(2)*nu**2 - 0.133080614286104*sqrt(2)*nu - 0.0617283950617284*2**(3/4)*nu*sqrt(-sqrt(2) + 2) - 0.0308641975308642*2**(1/4)*nu*sqrt(-sqrt(2) + 2) + 0.0308641975308642*2**(1/4)*nu*sqrt(sqrt(2) + 2) + 0.0617283950617284*2**(3/4)*nu*sqrt(sqrt(2) + 2) - 0.284894059073027*sqrt(2) - 0.0925925925925926*2**(3/4)*sqrt(-sqrt(2) + 2) + 0.0154320987654321*2**(1/4)*sqrt(-sqrt(2) + 2) + 0.0462962962962963*2**(1/4)*sqrt(sqrt(2) + 2) + 0.0617283950617284*2**(3/4)*sqrt(sqrt(2) + 2))/(sqrt(pi)*(nu**2 - 1)),1.0*(-0.0555555555555556*2**(3/4)*nu**2*sqrt(sqrt(2) + 2) - 0.0416666666666667*2**(1/4)*nu**2*sqrt(-sqrt(2) + 2) - 0.0138888888888889*2**(1/4)*nu**2*sqrt(sqrt(2) + 2) + 0.0277777777777778*2**(3/4)*nu**2*sqrt(-sqrt(2) + 2) + 0.134974411523337*sqrt(2)*nu**2 - 0.166666666666667*2**(3/4)*nu*sqrt(sqrt(2) + 2) - 0.0833333333333333*2**(1/4)*nu*sqrt(sqrt(2) + 2) + 0.0833333333333333*2**(1/4)*nu*sqrt(-sqrt(2) + 2) + 0.166666666666667*2**(3/4)*nu*sqrt(-sqrt(2) + 2) + 0.269948823046673*sqrt(2)*nu - 0.111111111111111*2**(3/4)*sqrt(sqrt(2) + 2) - 0.0694444444444444*2**(1/4)*sqrt(sqrt(2) + 2) + 0.125*2**(1/4)*sqrt(-sqrt(2) + 2) + 0.138888888888889*2**(3/4)*sqrt(-sqrt(2) + 2) + 0.134974411523336*sqrt(2))/(sqrt(pi)*(nu**2 - 1)),(-0.0277777777777778*2**(3/4)*nu**2*sqrt(sqrt(2) + 2) - 0.0555555555555556*2**(3/4)*nu**2*sqrt(-sqrt(2) + 2) + 0.0416666666666667*2**(1/4)*nu**2*sqrt(-sqrt(2) + 2) + 0.0694444444444444*2**(1/4)*nu**2*sqrt(sqrt(2) + 2) + 0.161962106001094*sqrt(2)*nu**2 - 0.250263003432185*sqrt(2)*nu - 0.0555555555555556*2**(3/4)*nu*sqrt(sqrt(2) + 2) - 0.0277777777777778*2**(1/4)*nu*sqrt(sqrt(2) + 2) + 0.0277777777777778*2**(1/4)*nu*sqrt(-sqrt(2) + 2) + 0.0555555555555556*2**(3/4)*nu*sqrt(-sqrt(2) + 2) - 0.412225109433279*sqrt(2) - 0.0972222222222222*2**(1/4)*sqrt(sqrt(2) + 2) - 0.0277777777777778*2**(3/4)*sqrt(sqrt(2) + 2) - 0.0138888888888889*2**(1/4)*sqrt(-sqrt(2) + 2) + 0.111111111111111*2**(3/4)*sqrt(-sqrt(2) + 2))/(sqrt(pi)*(nu**2 - 1)),(-0.097207270945441*sqrt(2)*nu**2 - 0.0555555555555556*2**(3/4)*nu**2*sqrt(-sqrt(2) + 2) + 0.0416666666666667*2**(1/4)*nu**2*sqrt(-sqrt(2) + 2) + 0.0277777777777778*2**(3/4)*nu**2*sqrt(sqrt(2) + 2) + 0.0694444444444444*2**(1/4)*nu**2*sqrt(sqrt(2) + 2) - 0.194414541890882*sqrt(2)*nu - 0.166666666666667*2**(3/4)*nu*sqrt(-sqrt(2) + 2) - 0.0833333333333333*2**(1/4)*nu*sqrt(-sqrt(2) + 2) + 0.0833333333333333*2**(1/4)*nu*sqrt(sqrt(2) + 2) + 0.166666666666667*2**(3/4)*nu*sqrt(sqrt(2) + 2) - 0.111111111111111*2**(3/4)*sqrt(-sqrt(2) + 2) - 0.0972072709454409*sqrt(2) - 0.125*2**(1/4)*sqrt(-sqrt(2) + 2) + 0.0138888888888889*2**(1/4)*sqrt(sqrt(2) + 2) + 0.138888888888889*2**(3/4)*sqrt(sqrt(2) + 2))/(sqrt(pi)*(nu**2 - 1)),1.0*(-0.0972222222222222*2**(1/4)*nu**2*sqrt(sqrt(2) + 2) - 0.0172277804968164*sqrt(2)*nu**2 + 0.0277777777777778*2**(3/4)*nu**2*sqrt(-sqrt(2) + 2) + 0.0416666666666667*2**(1/4)*nu**2*sqrt(-sqrt(2) + 2) + 0.0555555555555556*2**(3/4)*nu**2*sqrt(sqrt(2) + 2) - 0.0555555555555556*2**(3/4)*nu*sqrt(sqrt(2) + 2) - 0.0968382335413095*sqrt(2)*nu - 0.0277777777777778*2**(1/4)*nu*sqrt(sqrt(2) + 2) + 0.0277777777777778*2**(1/4)*nu*sqrt(-sqrt(2) + 2) + 0.0555555555555556*2**(3/4)*nu*sqrt(-sqrt(2) + 2) - 0.111111111111111*2**(3/4)*sqrt(sqrt(2) + 2) - 0.079610453044493*sqrt(2) - 0.0138888888888889*2**(1/4)*sqrt(-sqrt(2) + 2) + 0.0277777777777778*2**(3/4)*sqrt(-sqrt(2) + 2) + 0.0694444444444444*2**(1/4)*sqrt(sqrt(2) + 2))/(sqrt(pi)*(nu**2 - 1)),1.0*(-0.0462962962962963*2**(1/4)*nu**2*sqrt(sqrt(2) + 2) - 0.0154320987654321*2**(1/4)*nu**2*sqrt(-sqrt(2) + 2) + 0.0308641975308642*2**(3/4)*nu**2*sqrt(-sqrt(2) + 2) + 0.0649072587166252*sqrt(2)*nu**2 - 0.0617283950617284*2**(3/4)*nu*sqrt(sqrt(2) + 2) - 0.0308641975308642*2**(1/4)*nu*sqrt(sqrt(2) + 2) + 0.0308641975308642*2**(1/4)*nu*sqrt(-sqrt(2) + 2) + 0.0617283950617284*2**(3/4)*nu*sqrt(-sqrt(2) + 2) + 0.12981451743325*sqrt(2)*nu - 0.0617283950617284*2**(3/4)*sqrt(sqrt(2) + 2) + 0.0154320987654321*2**(1/4)*sqrt(sqrt(2) + 2) + 0.0308641975308642*2**(3/4)*sqrt(-sqrt(2) + 2) + 0.0462962962962963*2**(1/4)*sqrt(-sqrt(2) + 2) + 0.0649072587166252*sqrt(2))/(sqrt(pi)*(nu**2 - 1)),(-0.0308641975308642*2**(3/4)*nu**2*sqrt(sqrt(2) + 2) - 0.0462962962962963*2**(1/4)*nu**2*sqrt(-sqrt(2) + 2) + 0.0462962962962963*2**(1/4)*nu**2*sqrt(sqrt(2) + 2) + 0.0977499618154572*sqrt(2)*nu**2 - 0.189037919462177*sqrt(2)*nu - 0.0617283950617284*2**(3/4)*nu*sqrt(-sqrt(2) + 2) - 0.0308641975308642*2**(1/4)*nu*sqrt(-sqrt(2) + 2) + 0.0308641975308642*2**(1/4)*nu*sqrt(sqrt(2) + 2) + 0.0617283950617284*2**(3/4)*nu*sqrt(sqrt(2) + 2) - 0.286787881277634*sqrt(2) - 0.0617283950617284*2**(3/4)*sqrt(-sqrt(2) + 2) - 0.0154320987654321*2**(1/4)*sqrt(sqrt(2) + 2) + 0.0154320987654321*2**(1/4)*sqrt(-sqrt(2) + 2) + 0.0925925925925926*2**(3/4)*sqrt(sqrt(2) + 2))/(sqrt(pi)*(nu**2 - 1)),(-0.0277777777777778*2**(3/4)*nu**2*sqrt(sqrt(2) + 2) - 0.0555555555555556*2**(3/4)*nu**2*sqrt(-sqrt(2) + 2) + 0.0138888888888889*2**(1/4)*nu**2*sqrt(-sqrt(2) + 2) + 0.0856726523671996*sqrt(2)*nu**2 + 0.0972222222222222*2**(1/4)*nu**2*sqrt(sqrt(2) + 2) - 0.0555555555555556*2**(3/4)*nu*sqrt(-sqrt(2) + 2) - 0.0277777777777778*2**(1/4)*nu*sqrt(-sqrt(2) + 2) + 0.0277777777777778*2**(1/4)*nu*sqrt(sqrt(2) + 2) + 0.0555555555555556*2**(3/4)*nu*sqrt(sqrt(2) + 2) + 0.171345304734399*sqrt(2)*nu - 0.0694444444444444*2**(1/4)*sqrt(sqrt(2) + 2) - 0.0416666666666667*2**(1/4)*sqrt(-sqrt(2) + 2) + 0.0856726523671997*sqrt(2) + 0.0833333333333333*2**(3/4)*sqrt(sqrt(2) + 2))/(sqrt(pi)*(nu**2 - 1)),(-0.118051941783619*sqrt(2)*nu**2 - 0.0694444444444444*2**(1/4)*nu**2*sqrt(sqrt(2) + 2) - 0.0277777777777778*2**(3/4)*nu**2*sqrt(-sqrt(2) + 2) + 0.125*2**(1/4)*nu**2*sqrt(-sqrt(2) + 2) + 0.0555555555555556*2**(3/4)*nu**2*sqrt(sqrt(2) + 2) - 0.166666666666667*2**(3/4)*nu*sqrt(sqrt(2) + 2) - 0.0833333333333333*2**(1/4)*nu*sqrt(sqrt(2) + 2) + 0.0833333333333333*2**(1/4)*nu*sqrt(-sqrt(2) + 2) + 0.166666666666667*2**(3/4)*nu*sqrt(-sqrt(2) + 2) + 0.203920256846056*sqrt(2)*nu - 0.222222222222222*2**(3/4)*sqrt(sqrt(2) + 2) - 0.0416666666666667*2**(1/4)*sqrt(-sqrt(2) + 2) - 0.0138888888888889*2**(1/4)*sqrt(sqrt(2) + 2) + 0.194444444444444*2**(3/4)*sqrt(-sqrt(2) + 2) + 0.321972198629675*sqrt(2))/(sqrt(pi)*(nu**2 - 1)),1.0*(-0.0694444444444444*2**(1/4)*nu**2*sqrt(sqrt(2) + 2) + 0.0138888888888889*2**(1/4)*nu**2*sqrt(-sqrt(2) + 2) + 0.0277777777777778*2**(3/4)*nu**2*sqrt(-sqrt(2) + 2) + 0.100108724559016*sqrt(2)*nu**2 + 0.0555555555555556*2**(3/4)*nu**2*sqrt(sqrt(2) + 2) - 0.0555555555555556*2**(3/4)*nu*sqrt(-sqrt(2) + 2) - 0.0277777777777778*2**(1/4)*nu*sqrt(-sqrt(2) + 2) + 0.0277777777777778*2**(1/4)*nu*sqrt(sqrt(2) + 2) + 0.0555555555555556*2**(3/4)*nu*sqrt(sqrt(2) + 2) + 0.200217449118033*sqrt(2)*nu - 0.0833333333333333*2**(3/4)*sqrt(-sqrt(2) + 2) - 0.0416666666666667*2**(1/4)*sqrt(-sqrt(2) + 2) + 0.100108724559016*sqrt(2) + 0.0972222222222222*2**(1/4)*sqrt(sqrt(2) + 2))/(sqrt(pi)*(nu**2 - 1)),1.0*(-0.125*2**(1/4)*nu**2*sqrt(-sqrt(2) + 2) - 0.0277777777777778*2**(3/4)*nu**2*sqrt(sqrt(2) + 2) - 0.00266468174670086*sqrt(2)*nu**2 + 0.0138888888888889*2**(1/4)*nu**2*sqrt(sqrt(2) + 2) + 0.0555555555555556*2**(3/4)*nu**2*sqrt(-sqrt(2) + 2) - 0.166666666666667*2**(3/4)*nu*sqrt(-sqrt(2) + 2) - 0.0718668288231094*sqrt(2)*nu - 0.0833333333333333*2**(1/4)*nu*sqrt(-sqrt(2) + 2) + 0.0833333333333333*2**(1/4)*nu*sqrt(sqrt(2) + 2) + 0.166666666666667*2**(3/4)*nu*sqrt(sqrt(2) + 2) - 0.222222222222222*2**(3/4)*sqrt(-sqrt(2) + 2) - 0.0692021470764084*sqrt(2) + 0.0416666666666667*2**(1/4)*sqrt(-sqrt(2) + 2) + 0.0694444444444444*2**(1/4)*sqrt(sqrt(2) + 2) + 0.194444444444444*2**(3/4)*sqrt(sqrt(2) + 2))/(sqrt(pi)*(nu**2 - 1)),(0.172839506172839*sqrt(2)*nu**3 + 0.265478725797541*nu**3 - 0.124631957542074*nu**2 + 0.320987654320988*sqrt(2)*nu**2 - 2.28362622478632*nu - 0.666666666666667*sqrt(2)*nu - 1.89351554144671 - 0.814814814814815*sqrt(2))/(pi*E*(nu**2 - 1)),(-0.0987654320987654*sqrt(2)*nu**3 + 0.631441821296316*nu**3 - 1.6342309615783*nu**2 - 0.0987654320987654*sqrt(2)*nu**2 - 0.631441821296316*nu + 0.0987654320987654*sqrt(2)*nu + 0.0987654320987654*sqrt(2) + 1.6342309615783)/(pi*E*(nu**2 - 1))
(-0.0771604938271605*2**(3/4)*nu**2*sqrt(-sqrt(2) + 2) - 0.0154320987654321*2**(3/4)*nu**2*sqrt(sqrt(2) + 2) + 0.263472640673911*sqrt(2)*nu**2 - 0.0617283950617284*2**(1/4)*nu*sqrt(sqrt(2) + 2) + 2.2980811008649e-17*sqrt(2)*nu + 0.0308641975308642*2**(3/4)*nu*sqrt(-sqrt(2) + 2) + 0.0308641975308642*2**(3/4)*nu*sqrt(sqrt(2) + 2) - 0.263472640673911*sqrt(2) - 0.0617283950617284*2**(1/4)*sqrt(sqrt(2) + 2) + 0.108024691358025*2**(3/4)*sqrt(-sqrt(2) + 2) + 0.0462962962962963*2**(3/4)*sqrt(sqrt(2) + 2))/(sqrt(pi)*(nu**2 - 1)),(-0.0308641975308642*2**(1/4)*nu**2*sqrt(sqrt(2) + 2) - 0.027459468648552*sqrt(2)*nu**2 - 0.0308641975308642*2**(1/4)*nu**2*sqrt(-sqrt(2) + 2) - 0.0154320987654321*2**(3/4)*nu**2*sqrt(-sqrt(2) + 2) + 0.0462962962962963*2**(3/4)*nu**2*sqrt(sqrt(2) + 2) - 0.0617283950617284*2**(1/4)*nu*sqrt(sqrt(2) + 2) + 5.55111512312578e-17*sqrt(2)*nu + 0.0308641975308642*2**(3/4)*nu*sqrt(-sqrt(2) + 2) + 0.0308641975308642*2**(3/4)*nu*sqrt(sqrt(2) + 2) - 0.0308641975308642*2**(1/4)*sqrt(sqrt(2) + 2) - 0.0154320987654321*2**(3/4)*sqrt(sqrt(2) + 2) + 0.0308641975308642*2**(1/4)*sqrt(-sqrt(2) + 2) + 0.027459468648552*sqrt(2) + 0.0462962962962963*2**(3/4)*sqrt(-sqrt(2) + 2))/(sqrt(pi)*(nu**2 - 1)),1.0*(-0.369350731207441*sqrt(2)*nu**2 - 0.0277777777777778*2**(1/4)*nu**2*sqrt(-sqrt(2) + 2) + 0.0277777777777778*2**(1/4)*nu**2*sqrt(sqrt(2) + 2) + 0.152777777777778*2**(3/4)*nu**2*sqrt(-sqrt(2) + 2) + 0.0972222222222222*2**(3/4)*nu**2*sqrt(sqrt(2) + 2) - 0.0833333333333333*2**(3/4)*nu*sqrt(sqrt(2) + 2) - 0.0833333333333333*2**(3/4)*nu*sqrt(-sqrt(2) + 2) + 1.56125112837913e-17*sqrt(2)*nu + 0.166666666666667*2**(1/4)*nu*sqrt(sqrt(2) + 2) - 0.180555555555556*2**(3/4)*sqrt(sqrt(2) + 2) - 0.236111111111111*2**(3/4)*sqrt(-sqrt(2) + 2) + 0.0277777777777778*2**(1/4)*sqrt(-sqrt(2) + 2) + 0.138888888888889*2**(1/4)*sqrt(sqrt(2) + 2) + 0.369350731207441*sqrt(2))/(sqrt(pi)*(nu**2 - 1)),1.0*(-0.0972222222222222*2**(3/4)*nu**2*sqrt(sqrt(2) + 2) + 0.0555555555555556*2**(1/4)*nu**2*sqrt(-sqrt(2) + 2) + 0.0694444444444444*2**(3/4)*nu**2*sqrt(-sqrt(2) + 2) + 0.126309341392561*sqrt(2)*nu**2 - 0.0277777777777778*2**(3/4)*nu*sqrt(sqrt(2) + 2) - 0.0277777777777778*2**(3/4)*nu*sqrt(-sqrt(2) + 2) - 6.93889390390723e-18*sqrt(2)*nu + 0.0555555555555556*2**(1/4)*nu*sqrt(sqrt(2) + 2) - 0.126309341392561*sqrt(2) - 0.0972222222222222*2**(3/4)*sqrt(-sqrt(2) + 2) - 0.0555555555555556*2**(1/4)*sqrt(-sqrt(2) + 2) + 0.0555555555555556*2**(1/4)*sqrt(sqrt(2) + 2) + 0.0694444444444444*2**(3/4)*sqrt(sqrt(2) + 2))/(sqrt(pi)*(nu**2 - 1)),(-0.152777777777778*2**(3/4)*nu**2*sqrt(sqrt(2) + 2) - 0.0972222222222222*2**(3/4)*nu**2*sqrt(-sqrt(2) + 2) - 0.0555555555555556*2**(1/4)*nu**2*sqrt(sqrt(2) + 2) + 0.0555555555555556*2**(1/4)*nu**2*sqrt(-sqrt(2) + 2) + 0.45316795915177*sqrt(2)*nu**2 - 0.166666666666667*2**(1/4)*nu*sqrt(sqrt(2) + 2) - 1.52655665885959e-16*sqrt(2)*nu + 0.0833333333333333*2**(3/4)*nu*sqrt(-sqrt(2) + 2) + 0.0833333333333333*2**(3/4)*nu*sqrt(sqrt(2) + 2) - 0.45316795915177*sqrt(2) - 0.111111111111111*2**(1/4)*sqrt(sqrt(2) + 2) - 0.0555555555555556*2**(1/4)*sqrt(-sqrt(2) + 2) + 0.180555555555556*2**(3/4)*sqrt(-sqrt(2) + 2) + 0.236111111111111*2**(3/4)*sqrt(sqrt(2) + 2))/(sqrt(pi)*(nu**2 - 1)),(-0.228012345065895*sqrt(2)*nu**2 - 0.0972222222222222*2**(3/4)*nu**2*sqrt(-sqrt(2) + 2) - 0.0277777777777778*2**(1/4)*nu**2*sqrt(-sqrt(2) + 2) + 0.0833333333333333*2**(1/4)*nu**2*sqrt(sqrt(2) + 2) + 0.0694444444444444*2**(3/4)*nu**2*sqrt(sqrt(2) + 2) - 0.0277777777777778*2**(3/4)*nu*sqrt(sqrt(2) + 2) - 0.0277777777777778*2**(3/4)*nu*sqrt(-sqrt(2) + 2) - 1.71575973394835e-17*sqrt(2)*nu + 0.0555555555555556*2**(1/4)*nu*sqrt(sqrt(2) + 2) - 0.0972222222222222*2**(3/4)*sqrt(sqrt(2) + 2) - 0.0277777777777778*2**(1/4)*sqrt(sqrt(2) + 2) + 0.0277777777777778*2**(1/4)*sqrt(-sqrt(2) + 2) + 0.0694444444444444*2**(3/4)*sqrt(-sqrt(2) + 2) + 0.228012345065895*sqrt(2))/(sqrt(pi)*(nu**2 - 1)),1.0*(-0.730019994618516*sqrt(2)*nu**2 - 0.0308641975308642*2**(1/4)*nu**2*sqrt(-sqrt(2) + 2) + 0.0154320987654321*2**(3/4)*nu**2*sqrt(-sqrt(2) + 2) + 0.0308641975308642*2**(1/4)*nu**2*sqrt(sqrt(2) + 2) + 0.0771604938271605*2**(3/4)*nu**2*sqrt(sqrt(2) + 2) - 0.0308641975308642*2**(3/4)*nu*sqrt(sqrt(2) + 2) - 0.0308641975308642*2**(3/4)*nu*sqrt(-sqrt(2) + 2) + 9.19403442267708e-17*sqrt(2)*nu + 0.0617283950617284*2**(1/4)*nu*sqrt(sqrt(2) + 2) - 0.108024691358025*2**(3/4)*sqrt(sqrt(2) + 2) - 0.0462962962962963*2**(3/4)*sqrt(-sqrt(2) + 2) + 0.0308641975308642*2**(1/4)*sqrt(-sqrt(2) + 2) + 0.0308641975308642*2**(1/4)*sqrt(sqrt(2) + 2) + 0.730019994618517*sqrt(2))/(sqrt(pi)*(nu**2 - 1)),1.0*(-0.0617283950617284*2**(1/4)*nu**2*sqrt(sqrt(2) + 2) - 0.0154320987654321*2**(3/4)*nu**2*sqrt(sqrt(2) + 2) + 0.0462962962962963*2**(3/4)*nu**2*sqrt(-sqrt(2) + 2) + 0.313828306110252*sqrt(2)*nu**2 - 0.0617283950617284*2**(1/4)*nu*sqrt(sqrt(2) + 2) + 5.91336221902803e-17*sqrt(2)*nu + 0.0308641975308642*2**(3/4)*nu*sqrt(-sqrt(2) + 2) + 0.0308641975308642*2**(3/4)*nu*sqrt(sqrt(2) + 2) - 0.313828306110252*sqrt(2) - 0.0154320987654321*2**(3/4)*sqrt(-sqrt(2) + 2) + 0.0462962962962963*2**(3/4)*sqrt(sqrt(2) + 2))/(sqrt(pi)*(nu**2 - 1)),1.0*(-0.289274339909483*sqrt(2)*nu**2 - 0.125*2**(3/4)*nu**2*sqrt(sqrt(2) + 2) - 0.0555555555555556*2**(1/4)*nu**2*sqrt(sqrt(2) + 2) + 0.0555555555555556*2**(1/4)*nu**2*sqrt(-sqrt(2) + 2) + 0.0416666666666667*2**(3/4)*nu**2*sqrt(-sqrt(2) + 2) - 0.0555555555555556*2**(1/4)*nu*sqrt(sqrt(2) + 2) + 5.17479192510722e-17*sqrt(2)*nu + 0.0277777777777778*2**(3/4)*nu*sqrt(-sqrt(2) + 2) + 0.0277777777777778*2**(3/4)*nu*sqrt(sqrt(2) + 2) - 0.0555555555555556*2**(1/4)*sqrt(-sqrt(2) + 2) - 0.0138888888888889*2**(3/4)*sqrt(-sqrt(2) + 2) + 0.289274339909483*sqrt(2) + 0.152777777777778*2**(3/4)*sqrt(sqrt(2) + 2))/(sqrt(pi)*(nu**2 - 1)),(-0.0694444444444444*2**(3/4)*nu**2*sqrt(-sqrt(2) + 2) - 0.0138888888888889*2**(3/4)*nu**2*sqrt(sqrt(2) + 2) + 0.0277777777777778*2**(1/4)*nu**2*sqrt(-sqrt(2) + 2) + 0.0399820138478648*sqrt(2)*nu**2 + 0.138888888888889*2**(1/4)*nu**2*sqrt(sqrt(2) + 2) - 0.0833333333333333*2**(3/4)*nu*sqrt(sqrt(2) + 2) - 0.0833333333333333*2**(3/4)*nu*sqrt(-sqrt(2) + 2) - 2.77555756156289e-16*sqrt(2)*nu + 0.166666666666667*2**(1/4)*nu*sqrt(sqrt(2) + 2) - 0.0694444444444444*2**(3/4)*sqrt(sqrt(2) + 2) - 0.0399820138478647*sqrt(2) - 0.0277777777777778*2**(1/4)*sqrt(-sqrt(2) + 2) - 0.0138888888888889*2**(3/4)*sqrt(-sqrt(2) + 2) + 0.0277777777777778*2**(1/4)*sqrt(sqrt(2) + 2))/(sqrt(pi)*(nu**2 - 1)),(-0.286377526140435*sqrt(2)*nu**2 - 0.125*2**(3/4)*nu**2*sqrt(-sqrt(2) + 2) - 0.0277777777777778*2**(1/4)*nu**2*sqrt(-sqrt(2) + 2) + 0.0277777777777778*2**(1/4)*nu**2*sqrt(sqrt(2) + 2) + 0.0416666666666667*2**(3/4)*nu**2*sqrt(sqrt(2) + 2) - 0.0555555555555556*2**(1/4)*nu*sqrt(sqrt(2) + 2) - 2.75387351811318e-17*sqrt(2)*nu + 0.0277777777777778*2**(3/4)*nu*sqrt(-sqrt(2) + 2) + 0.0277777777777778*2**(3/4)*nu*sqrt(sqrt(2) + 2) - 0.0833333333333333*2**(1/4)*sqrt(sqrt(2) + 2) - 0.0138888888888889*2**(3/4)*sqrt(sqrt(2) + 2) + 0.0277777777777778*2**(1/4)*sqrt(-sqrt(2) + 2) + 0.152777777777778*2**(3/4)*sqrt(-sqrt(2) + 2) + 0.286377526140435*sqrt(2))/(sqrt(pi)*(nu**2 - 1)),1.0*(-0.111111111111111*2**(1/4)*nu**2*sqrt(sqrt(2) + 2) - 0.0555555555555556*2**(1/4)*nu**2*sqrt(-sqrt(2) + 2) + 0.0138888888888889*2**(3/4)*nu**2*sqrt(-sqrt(2) + 2) + 0.14499954630091*sqrt(2)*nu**2 + 0.0694444444444444*2**(3/4)*nu**2*sqrt(sqrt(2) + 2) - 0.166666666666667*2**(1/4)*nu*sqrt(sqrt(2) + 2) - 1.38777878078145e-16*sqrt(2)*nu + 0.0833333333333333*2**(3/4)*nu*sqrt(-sqrt(2) + 2) + 0.0833333333333333*2**(3/4)*nu*sqrt(sqrt(2) + 2) - 0.14499954630091*sqrt(2) - 0.0555555555555556*2**(1/4)*sqrt(sqrt(2) + 2) + 0.0138888888888889*2**(3/4)*sqrt(sqrt(2) + 2) + 0.0555555555555556*2**(1/4)*sqrt(-sqrt(2) + 2) + 0.0694444444444444*2**(3/4)*sqrt(-sqrt(2) + 2))/(sqrt(pi)*(nu**2 - 1)),1.0*(-0.189616719738863*sqrt(2)*nu**2 + 0.0154320987654321*2**(3/4)*nu**2*sqrt(sqrt(2) + 2) + 0.0771604938271605*2**(3/4)*nu**2*sqrt(-sqrt(2) + 2) - 0.0308641975308642*2**(3/4)*nu*sqrt(sqrt(2) + 2) - 0.0308641975308642*2**(3/4)*nu*sqrt(-sqrt(2) + 2) + 6.85215773010839e-17*sqrt(2)*nu + 0.0617283950617284*2**(1/4)*nu*sqrt(sqrt(2) + 2) - 0.0462962962962963*2**(3/4)*sqrt(sqrt(2) + 2) - 0.108024691358025*2**(3/4)*sqrt(-sqrt(2) + 2) + 0.0617283950617284*2**(1/4)*sqrt(sqrt(2) + 2) + 0.189616719738863*sqrt(2))/(sqrt(pi)*(nu**2 - 1)),1.0*(-0.0462962962962963*2**(3/4)*nu**2*sqrt(sqrt(2) + 2) + 0.0154320987654321*2**(3/4)*nu**2*sqrt(-sqrt(2) + 2) + 0.0308641975308642*2**(1/4)*nu**2*sqrt(-sqrt(2) + 2) + 0.0244063896490238*sqrt(2)*nu**2 + 0.0308641975308642*2**(1/4)*nu**2*sqrt(sqrt(2) + 2) - 0.0308641975308642*2**(3/4)*nu*sqrt(sqrt(2) + 2) - 0.0308641975308642*2**(3/4)*nu*sqrt(-sqrt(2) + 2) + 5.55111512312578e-17*sqrt(2)*nu + 0.0617283950617284*2**(1/4)*nu*sqrt(sqrt(2) + 2) - 0.0462962962962963*2**(3/4)*sqrt(-sqrt(2) + 2) - 0.0244063896490238*sqrt(2) - 0.0308641975308642*2**(1/4)*sqrt(-sqrt(2) + 2) + 0.0154320987654321*2**(3/4)*sqrt(sqrt(2) + 2) + 0.0308641975308642*2**(1/4)*sqrt(sqrt(2) + 2))/(sqrt(pi)*(nu**2 - 1)),(-0.0972222222222222*2**(3/4)*nu**2*sqrt(sqrt(2) + 2) - 0.152777777777778*2**(3/4)*nu**2*sqrt(-sqrt(2) + 2) - 0.0277777777777778*2**(1/4)*nu**2*sqrt(sqrt(2) + 2) + 0.0277777777777778*2**(1/4)*nu**2*sqrt(-sqrt(2) + 2) + 0.504708046839067*sqrt(2)*nu**2 - 0.166666666666667*2**(1/4)*nu*sqrt(sqrt(2) + 2) - 7.80625564189563e-18*sqrt(2)*nu + 0.0833333333333333*2**(3/4)*nu*sqrt(-sqrt(2) + 2) + 0.0833333333333333*2**(3/4)*nu*sqrt(sqrt(2) + 2) - 0.504708046839067*sqrt(2) - 0.138888888888889*2**(1/4)*sqrt(sqrt(2) + 2) - 0.0277777777777778*2**(1/4)*sqrt(-sqrt(2) + 2) + 0.236111111111111*2**(3/4)*sqrt(-sqrt(2) + 2) + 0.180555555555556*2**(3/4)*sqrt(sqrt(2) + 2))/(sqrt(pi)*(nu**2 - 1)),(-0.24037696226238*sqrt(2)*nu**2 - 0.0694444444444444*2**(3/4)*nu**2*sqrt(-sqrt(2) + 2) - 0.0555555555555556*2**(1/4)*nu**2*sqrt(-sqrt(2) + 2) + 0.0972222222222222*2**(3/4)*nu**2*sqrt(sqrt(2) + 2) - 0.0555555555555556*2**(1/4)*nu*sqrt(sqrt(2) + 2) - 7.26687485707413e-17*sqrt(2)*nu + 0.0277777777777778*2**(3/4)*nu*sqrt(-sqrt(2) + 2) + 0.0277777777777778*2**(3/4)*nu*sqrt(sqrt(2) + 2) - 0.0694444444444444*2**(3/4)*sqrt(sqrt(2) + 2) - 0.0555555555555556*2**(1/4)*sqrt(sqrt(2) + 2) + 0.0555555555555556*2**(1/4)*sqrt(-sqrt(2) + 2) + 0.0972222222222222*2**(3/4)*sqrt(-sqrt(2) + 2) + 0.24037696226238*sqrt(2))/(sqrt(pi)*(nu**2 - 1)),1.0*(-0.356246770394745*sqrt(2)*nu**2 - 0.0555555555555556*2**(1/4)*nu**2*sqrt(-sqrt(2) + 2) + 0.0555555555555556*2**(1/4)*nu**2*sqrt(sqrt(2) + 2) + 0.0972222222222222*2**(3/4)*nu**2*sqrt(-sqrt(2) + 2) + 0.152777777777778*2**(3/4)*nu**2*sqrt(sqrt(2) + 2) - 0.0833333333333333*2**(3/4)*nu*sqrt(sqrt(2) + 2) - 0.0833333333333333*2**(3/4)*nu*sqrt(-sqrt(2) + 2) + 4.98732999343332e-18*sqrt(2)*nu + 0.166666666666667*2**(1/4)*nu*sqrt(sqrt(2) + 2) - 0.236111111111111*2**(3/4)*sqrt(sqrt(2) + 2) - 0.180555555555556*2**(3/4)*sqrt(-sqrt(2) + 2) + 0.0555555555555556*2**(1/4)*sqrt(-sqrt(2) + 2) + 0.111111111111111*2**(1/4)*sqrt(sqrt(2) + 2) + 0.356246770394745*sqrt(2))/(sqrt(pi)*(nu**2 - 1)),1.0*(-0.0694444444444444*2**(3/4)*nu**2*sqrt(sqrt(2) + 2) - 0.0833333333333333*2**(1/4)*nu**2*sqrt(sqrt(2) + 2) + 0.0277777777777778*2**(1/4)*nu**2*sqrt(-sqrt(2) + 2) + 0.0863720161175881*sqrt(2)*nu**2 + 0.0972222222222222*2**(3/4)*nu**2*sqrt(-sqrt(2) + 2) - 0.0555555555555556*2**(1/4)*nu*sqrt(sqrt(2) + 2) + 6.24500451351651e-17*sqrt(2)*nu + 0.0277777777777778*2**(3/4)*nu*sqrt(-sqrt(2) + 2) + 0.0277777777777778*2**(3/4)*nu*sqrt(sqrt(2) + 2) - 0.0863720161175881*sqrt(2) - 0.0694444444444444*2**(3/4)*sqrt(-sqrt(2) + 2) - 0.0277777777777778*2**(1/4)*sqrt(-sqrt(2) + 2) + 0.0277777777777778*2**(1/4)*sqrt(sqrt(2) + 2) + 0.0972222222222222*2**(3/4)*sqrt(sqrt(2) + 2))/(sqrt(pi)*(nu**2 - 1)),(-0.0771604938271605*2**(3/4)*nu**2*sqrt(sqrt(2) + 2) - 0.0308641975308642*2**(1/4)*nu**2*sqrt(sqrt(2) + 2) - 0.0154320987654321*2**(3/4)*nu**2*sqrt(-sqrt(2) + 2) + 0.0308641975308642*2**(1/4)*nu**2*sqrt(-sqrt(2) + 2) + 0.375765328655429*sqrt(2)*nu**2 - 0.0617283950617284*2**(1/4)*nu*sqrt(sqrt(2) + 2) + 0.0308641975308642*2**(3/4)*nu*sqrt(-sqrt(2) + 2) + 0.0308641975308642*2**(3/4)*nu*sqrt(sqrt(2) + 2) - 0.375765328655429*sqrt(2) - 0.0308641975308642*2**(1/4)*sqrt(sqrt(2) + 2) - 0.0308641975308642*2**(1/4)*sqrt(-sqrt(2) + 2) + 0.0462962962962963*2**(3/4)*sqrt(-sqrt(2) + 2) + 0.108024691358025*2**(3/4)*sqrt(sqrt(2) + 2))/(sqrt(pi)*(nu**2 - 1)),(-0.151157825670674*sqrt(2)*nu**2 - 0.0462962962962963*2**(3/4)*nu**2*sqrt(-sqrt(2) + 2) + 0.0154320987654321*2**(3/4)*nu**2*sqrt(sqrt(2) + 2) + 0.0617283950617284*2**(1/4)*nu**2*sqrt(sqrt(2) + 2) - 0.0308641975308642*2**(3/4)*nu*sqrt(sqrt(2) + 2) - 0.0308641975308642*2**(3/4)*nu*sqrt(-sqrt(2) + 2) + 9.71445146547012e-17*sqrt(2)*nu + 0.0617283950617284*2**(1/4)*nu*sqrt(sqrt(2) + 2) - 0.0462962962962963*2**(3/4)*sqrt(sqrt(2) + 2) + 0.0154320987654321*2**(3/4)*sqrt(-sqrt(2) + 2) + 0.151157825670674*sqrt(2))/(sqrt(pi)*(nu**2 - 1)),(-0.0416666666666667*2**(3/4)*nu**2*sqrt(-sqrt(2) + 2) - 0.0555555555555556*2**(1/4)*nu**2*sqrt(-sqrt(2) + 2) + 0.0799791399961332*sqrt(2)*nu**2 + 0.0555555555555556*2**(1/4)*nu**2*sqrt(sqrt(2) + 2) + 0.125*2**(3/4)*nu**2*sqrt(sqrt(2) + 2) - 0.0277777777777778*2**(3/4)*nu*sqrt(sqrt(2) + 2) - 0.0277777777777778*2**(3/4)*nu*sqrt(-sqrt(2) + 2) + 4.7941942364718e-18*sqrt(2)*nu + 0.0555555555555556*2**(1/4)*nu*sqrt(sqrt(2) + 2) - 0.152777777777778*2**(3/4)*sqrt(sqrt(2) + 2) - 0.0799791399961332*sqrt(2) + 0.0138888888888889*2**(3/4)*sqrt(-sqrt(2) + 2) + 0.0555555555555556*2**(1/4)*sqrt(-sqrt(2) + 2))/(sqrt(pi)*(nu**2 - 1)),1.0*(-0.138888888888889*2**(1/4)*nu**2*sqrt(sqrt(2) + 2) - 0.0277777777777778*2**(1/4)*nu**2*sqrt(-sqrt(2) + 2) + 0.0154939821173309*sqrt(2)*nu**2 + 0.0138888888888889*2**(3/4)*nu**2*sqrt(sqrt(2) + 2) + 0.0694444444444444*2**(3/4)*nu**2*sqrt(-sqrt(2) + 2) - 0.166666666666667*2**(1/4)*nu*sqrt(sqrt(2) + 2) + 1.38777878078145e-16*sqrt(2)*nu + 0.0833333333333333*2**(3/4)*nu*sqrt(-sqrt(2) + 2) + 0.0833333333333333*2**(3/4)*nu*sqrt(sqrt(2) + 2) - 0.0277777777777778*2**(1/4)*sqrt(sqrt(2) + 2) - 0.0154939821173309*sqrt(2) + 0.0138888888888889*2**(3/4)*sqrt(-sqrt(2) + 2) + 0.0277777777777778*2**(1/4)*sqrt(-sqrt(2) + 2) + 0.0694444444444444*2**(3/4)*sqrt(sqrt(2) + 2))/(sqrt(pi)*(nu**2 - 1)),1.0*(-0.0416666666666667*2**(3/4)*nu**2*sqrt(sqrt(2) + 2) - 0.0277777777777778*2**(1/4)*nu**2*sqrt(sqrt(2) + 2) + 0.0277777777777778*2**(1/4)*nu**2*sqrt(-sqrt(2) + 2) + 0.125*2**(3/4)*nu**2*sqrt(-sqrt(2) + 2) + 0.543792966693174*sqrt(2)*nu**2 - 0.0277777777777778*2**(3/4)*nu*sqrt(sqrt(2) + 2) - 0.0277777777777778*2**(3/4)*nu*sqrt(-sqrt(2) + 2) - 7.60340479147475e-17*sqrt(2)*nu + 0.0555555555555556*2**(1/4)*nu*sqrt(sqrt(2) + 2) - 0.543792966693174*sqrt(2) - 0.152777777777778*2**(3/4)*sqrt(-sqrt(2) + 2) - 0.0277777777777778*2**(1/4)*sqrt(-sqrt(2) + 2) + 0.0138888888888889*2**(3/4)*sqrt(sqrt(2) + 2) + 0.0833333333333333*2**(1/4)*sqrt(sqrt(2) + 2))/(sqrt(pi)*(nu**2 - 1)),(-0.0694444444444444*2**(3/4)*nu**2*sqrt(sqrt(2) + 2) - 0.104384993888029*sqrt(2)*nu**2 - 0.0138888888888889*2**(3/4)*nu**2*sqrt(-sqrt(2) + 2) + 0.0555555555555556*2**(1/4)*nu**2*sqrt(-sqrt(2) + 2) + 0.111111111111111*2**(1/4)*nu**2*sqrt(sqrt(2) + 2) - 0.0833333333333333*2**(3/4)*nu*sqrt(sqrt(2) + 2) - 0.0833333333333333*2**(3/4)*nu*sqrt(-sqrt(2) + 2) - 2.22044604925031e-16*sqrt(2)*nu + 0.166666666666667*2**(1/4)*nu*sqrt(sqrt(2) + 2) - 0.0694444444444444*2**(3/4)*sqrt(-sqrt(2) + 2) - 0.0555555555555556*2**(1/4)*sqrt(-sqrt(2) + 2) - 0.0138888888888889*2**(3/4)*sqrt(sqrt(2) + 2) + 0.0555555555555556*2**(1/4)*sqrt(sqrt(2) + 2) + 0.104384993888029*sqrt(2))/(sqrt(pi)*(nu**2 - 1)),(-0.0987654320987654*sqrt(2)*nu**3 + 0.631441821296316*nu**3 - 1.6342309615783*nu**2 - 0.0987654320987654*sqrt(2)*nu**2 - 0.631441821296316*nu + 0.0987654320987654*sqrt(2)*nu + 0.0987654320987654*sqrt(2) + 1.6342309615783)/(pi*E*(nu**2 - 1)),(-0.772256910308634*nu**3 + 0.0493827160493827*sqrt(2)*nu**3 + 0.444444444444444*sqrt(2)*nu**2 + 4.37805172159538*nu**2 - 0.0493827160493825*sqrt(2)*nu + 0.772256910308634*nu - 4.37805172159538 - 0.444444444444444*sqrt(2))/(pi*E*(nu**2 - 1))
